Area code, population_density, pct_age_16_64, modelled_unemployment_rate, gdhi_per_head, median_weekly_pay, inward_fdi, active_businesses, business_births   , business_deaths   , high_growth_businesses, cancer_stage1_2   , gigabit_broadband, coverage_4g, coverage_5g, premises_below_30mbps, travel_time_bike  , travel_time_car  , travel_time_pt_walk, Area name
E06000001,              984.0,         61.24,                        7.5,       16203.0,             442.4,           ,            2535.0, 12.22879684418146 , 11.834319526627219,     2.1739130434782608, 50.72464          ,              96.0,       99.99,       99.62,                   1.3, 10.0705816410535  ,  7.79080248898321,   12.9002084422928 , Hartlepool
E06000002,             2638.0,         62.37,                        7.6,       15672.0,             397.6,           ,            3865.0, 15.135834411384216, 12.419146183699871,     3.8461538461538463, 56.13126          ,              94.7,      100.0 ,      100.0 ,                   1.9, 11.3350772823518  ,  8.45781736174403,   15.372878904981  , Middlesbrough
E06000003,              558.0,         59.23,                        5.6,       16436.0,             397.2,           ,            3425.0, 11.094890510948906, 11.386861313868613,     4.545454545454546 , 52.2082           ,              90.2,       99.19,       93.72,                   1.8, 11.103286986633499,  8.06607451869099,   13.259368531347  , Redcar and Cleveland
E06000004,              961.0,         61.77,                        5.7,       17141.0,             453.5,           ,            6085.0, 12.900575184880855, 11.33935907970419 ,     3.7037037037037033, 52.20126          ,              91.8,       99.99,       98.12,                   3.7, 10.050299020191   ,  7.81804856856493,   13.1819883310099 , Stockton-on-Tees
E06000005,              539.0,         61.03,                        6.1,       17636.0,             440.4,           ,            3525.0, 12.624113475177303, 12.340425531914894,     2.564102564102564 , 56.27706          ,              91.0,       99.99,       96.9 ,                   2.6,  9.48832084144916 ,  7.457621381965  ,   11.0236186085639 , Darlington
E06000006,             1624.0,         62.29,                        3.7,       17672.0,             426.4,           ,            3990.0, 13.408521303258144, 11.027568922305765,     3.7735849056603774, 55.13514          ,              94.4,      100.0 ,      100.0 ,                   0.7,  9.67772470239267 ,  7.74859029932323,   10.8941614253659 , Halton
E06000007,             1175.0,         63.0 ,                        3.2,       20327.0,             489.3,           ,           10725.0, 10.256410256410255, 13.613053613053614,     5.291005291005291 , 54.83871          ,              96.0,      100.0 ,       99.99,                   0.6,  9.09734581103229 ,  7.38079625788478,   11.1163206845544 , Warrington
E06000008,             1124.0,         62.5 ,                        5.5,       14267.0,             400.0,           ,            5275.0, 13.364928909952607, 10.04739336492891 ,     3.597122302158273 , 53.76344          ,              91.2,       99.94,       92.02,                   1.4,  8.61950582162059 ,  7.01932167544434,    9.40435682199548, Blackburn with Darwen
E06000009,             4081.0,         61.64,                        5.6,       16109.0,             379.1,           ,            4300.0, 13.372093023255813, 13.372093023255813,     3.296703296703297 , 48.7069           ,              91.4,      100.0 ,      100.0 ,                   0.3,  7.81961220755819 ,  6.63676229201725,    8.37551449330308, Blackpool
E06000010,             3755.0,         65.09,                        6.6,       14244.0,             400.0,           ,            6825.0, 13.626373626373626, 10.183150183150182,     3.827751196172249 , 53.168319999999994,              99.6,      100.0 ,      100.0 ,                   0.0,  9.1820309968421  ,  7.56847175975478,   10.832333306417  , Kingston upon Hull
E06000011,              141.0,         57.9 ,                        3.5,       19949.0,             490.4,           ,           13080.0, 10.129969418960243,  9.288990825688073,     4.119850187265917 , 57.035759999999996,              91.3,       99.9 ,       94.12,                   1.8, 12.7978382188849  ,  8.59147338194784,   16.1716643829097 , East Riding of Yorkshire
E06000012,              820.0,         60.44,                        5.3,       16732.0,             415.2,           ,            5065.0, 11.747285291214215, 10.266535044422508,     4.098360655737705 , 51.25698          ,              93.2,       99.92,       94.49,                   2.2,  8.93974710512565 ,  7.152893321264  ,   10.5129069070475 , North East Lincolnshire
E06000013,              201.0,         60.56,                        4.3,       16724.0,             407.5,           ,            5620.0, 11.654804270462634, 10.142348754448399,     4.132231404958678 , 51.89255          ,              92.7,      100.0 ,       97.81,                   1.8, 14.3091794972215  ,  9.24526556947851,   14.5521636678075 , North Lincolnshire
E06000014,              750.0,         65.69,                        2.8,       20229.0,             469.2,           ,            7565.0, 12.029081295439523,  9.385327164573695,     3.389830508474576 , 51.1254           ,              89.5,      100.0 ,       99.77,                   2.1,  9.40221641830474 ,  7.52249983976986,   10.3906258347754 , York
E06000015,             3371.0,         63.49,                        4.3,       16206.0,             491.2,           ,            8230.0, 13.183475091130012, 11.360874848116646,     3.7037037037037033, 45.42125          ,              97.5,      100.0 ,      100.0 ,                   0.2,  9.27234469289127 ,  7.54372155851315,   10.5636026153042 , Derby
E06000016,             5042.0,         67.01,                        4.8,       13536.0,             394.7,           ,           13750.0, 15.454545454545453, 10.8              ,     3.5502958579881656,                   ,              97.3,      100.0 ,      100.0 ,                   0.3,  8.15278432478681 ,  7.08590154858352,    8.91952383333633, Leicester
E06000017,              105.0,         57.83,                        2.5,       27264.0,             534.5,           ,            1885.0, 10.610079575596817,  8.753315649867375,     2.631578947368421 , 53.37838000000001 ,              76.3,       99.91,       69.16,                   4.5, 12.9109767472339  ,  8.49708333623573,   15.2379979640766 , Rutland
E06000018,             4329.0,         69.48,                        6.9,       13974.0,             399.5,           ,           10230.0, 13.48973607038123 , 12.121212121212121,     4.924242424242424 , 49.48052          ,              96.7,      100.0 ,      100.0 ,                   0.6,  8.0019732222119  ,  6.97632502944282,    8.55953509430933, Nottingham
E06000019,               86.0,         58.32,                        2.6,       20986.0,             418.8,           ,            8435.0,  9.12863070539419 ,  7.824540604623592,     3.389830508474576 , 54.19664          ,              83.2,       99.62,       66.31,                   4.8, 15.6287165866167  ,  9.78099147532497,   21.4537711903469 , Herefordshire
E06000020,              627.0,         62.59,                        3.8,       16950.0,             427.9,           ,            5920.0, 18.49662162162162 ,  9.966216216216216,     3.731343283582089 , 50.27701          ,              85.3,       99.83,       83.34,                   1.6,  9.99155825385858 ,  7.70110926915474,   12.0462511824964 , Telford and Wrekin
E06000021,             2774.0,         62.62,                        4.7,       15015.0,             422.0,           ,            6935.0, 13.410237923576062, 10.814708002883922,     3.783783783783784 , 48.832679999999996,              93.1,      100.0 ,      100.0 ,                   1.7,  9.42076442374712 ,  7.50713925163575,   11.43732586445   , Stoke-on-Trent
E06000022,              550.0,         64.17,                        3.4,       23216.0,             460.0,           ,            8860.0,  9.875846501128668,  8.577878103837472,     5.434782608695652 , 61.13861          ,              77.5,       99.93,       94.14,                   3.6, 10.514685215873   ,  7.94379859493216,   12.4952956821406 , Bath and North East Somerset
E06000023,             4285.0,         69.17,                        3.9,       20442.0,             503.0,           ,           20465.0, 13.315416564866847, 10.163694111898364,     4.856512141280353 , 55.927659999999996,              94.0,      100.0 ,       99.99,                   2.2,  8.10513410928957 ,  6.88696172793839,    8.68497520130508, Bristol
E06000024,              577.0,         58.48,                        3.2,       22207.0,             471.5,           ,            9175.0, 10.517711171662125,  9.97275204359673 ,     2.840909090909091 , 54.41319          ,              87.6,       99.97,       97.61,                   2.7,  8.66714376078759 ,  7.00581211110145,    9.61264993692795, North Somerset
E06000025,              573.0,         62.89,                        2.6,       21664.0,             458.7,           ,           10875.0, 11.310344827586206,  9.701149425287356,     4.225352112676056 , 61.64154          ,              83.8,       99.98,       97.28,                   1.5,  9.50505515077786 ,  7.4831198485311 ,   10.864623659861  , South Gloucestershire
E06000026,             3319.0,         64.21,                        4.3,       17013.0,             427.0,           ,            6440.0, 12.888198757763975, 10.248447204968944,     4.45859872611465  , 56.25             ,              93.3,      100.0 ,       99.69,                   1.6,  9.0693671729829  ,  7.36715593254218,   10.195640751076  , Plymouth
E06000027,             2207.0,         57.28,                        3.8,       18125.0,             392.0,           ,            4425.0, 10.621468926553671, 11.638418079096045,     2.1739130434782608, 56.14035          ,              87.1,      100.0 ,       98.25,                   2.0,  9.06330182693127 ,  7.5000503738861 ,   10.6809879826575 , Torbay
E06000028,                   ,              ,                           ,              ,                  ,           ,                  ,                   ,                   ,                       ,                   ,                  ,            ,            ,                      ,  8.04481709919647 ,  6.86625438601462,    8.51842888112025, 
E06000029,                   ,              ,                           ,              ,                  ,           ,                  ,                   ,                   ,                       ,                   ,                  ,            ,            ,                      ,  8.64322356188235 ,  7.18877044026565,    9.44644733190821, 
E06000030,             1008.0,         64.63,                        3.5,       19445.0,             507.0,           ,            8240.0, 12.985436893203882, 10.800970873786406,     4.054054054054054 , 54.171859999999995,              94.2,      100.0 ,       99.52,                   1.7,  9.29864485048239 ,  7.62592776153643,   10.3037002754133 , Swindon
E06000031,              620.0,         63.49,                        5.1,       17201.0,             444.7,           ,            8145.0, 15.960712093308778, 10.620012277470842,     4.635761589403973 , 54.84765          ,              95.4,      100.0 ,       96.89,                   0.7,  9.93749888093179 ,  7.69652450116336,   11.1061458749604 , Peterborough
E06000032,             5146.0,         64.58,                        4.6,       16640.0,             464.5,           ,            8440.0, 16.70616113744076 , 11.78909952606635 ,     4.098360655737705 , 54.09091          ,              98.0,      100.0 ,      100.0 ,                   0.2,  8.21497740301761 ,  7.08107504800226,    8.67651517385318, Luton
E06000033,             4370.0,         61.86,                        3.9,       20945.0,             514.4,           ,            7955.0, 11.942174732872408, 10.81081081081081 ,     2.459016393442623 , 56.14035          ,              98.3,      100.0 ,      100.0 ,                   0.2,  8.1169363203792  ,  6.99867283032328,    8.90732861310106, Southend-on-Sea
E06000034,             1068.0,         63.64,                        4.6,       19610.0,             521.2,           ,            7690.0, 16.84005201560468 , 11.248374512353706,     3.8461538461538463, 56.19048000000001 ,              92.7,      100.0 ,      100.0 ,                   1.2,  9.58246821558292 ,  7.62916457947492,   11.6750964760719 , Thurrock
E06000035,             1445.0,         63.37,                        4.1,       19422.0,             521.4,           ,            9810.0, 14.831804281345565, 10.805300713557594,     3.896103896103896 ,                   ,              89.6,       99.81,       99.08,                   1.6, 10.1662264151932  ,  7.95446040983983,   11.7945022612622 , Medway
E06000036,             1112.0,         65.35,                        2.5,       23135.0,             566.9,           ,            5120.0, 11.81640625       ,  9.765625         ,     5.681818181818182 , 53.1401           ,              97.1,      100.0 ,       97.39,                   1.1,  9.24825818927583 ,  7.57720229721197,   11.3031985575796 , Bracknell Forest
E06000037,              228.0,         61.82,                        2.5,       26369.0,             555.8,           ,            9355.0, 10.31533939070016 ,  9.834313201496526,     4.41988950276243  , 59.86949          ,              85.9,       99.94,       78.46,                   1.6, 10.7722744737174  ,  8.03093202117219,   13.4690301287102 , West Berkshire
E06000038,             4315.0,         68.94,                        3.4,       22089.0,             525.5,           ,            7965.0, 13.622096672944132, 10.797237915881984,     6.41025641025641  , 60.15625          ,              95.7,      100.0 ,      100.0 ,                   0.4,  8.13036776838957 ,  7.0738635359948 ,    8.53576138580664, Reading
E06000039,             4844.0,         65.45,                        4.1,       18523.0,             524.5,           ,            7360.0, 15.557065217391305, 11.277173913043478,     3.875968992248062 , 46.72365          ,              96.6,      100.0 ,      100.0 ,                   0.5,  7.96327483286536 ,  7.03998354510069,    8.4967898588342 , Slough
E06000040,              783.0,         62.13,                        2.4,       32288.0,             599.3,           ,           10505.0, 10.85197524988101 ,  9.804854831032841,     6.8181818181818175, 61.378209999999996,              84.9,      100.0 ,       99.68,                   1.9,  8.55008370127202 ,  7.06110136249286,    9.72539120413938, Windsor and Maidenhead
E06000041,              960.0,         61.93,                        2.1,       28148.0,             593.7,           ,            9815.0, 10.341314314824249,  9.526235354049923,     5.128205128205128 , 62.79461          ,              92.5,      100.0 ,       96.09,                   1.1,  9.61447242199749 ,  7.72254524174925,   11.8746662699067 , Wokingham
E06000042,              912.0,         64.34,                        3.8,       20919.0,             545.0,           ,           15220.0, 12.319316688567675, 14.750328515111697,     4.21455938697318  , 57.52856          ,              95.7,      100.0 ,       95.69,                   0.5,  9.15778355544866 ,  7.34975076101917,   10.4817301342419 , Milton Keynes
E06000043,             3380.0,         70.87,                        3.8,       24108.0,             484.5,           ,           17365.0, 15.663691333141378,  9.703426432479125,     7.037037037037037 ,                   ,              85.9,      100.0 ,       99.95,                   1.1,  8.08384706627101 ,  6.92618504290347,    7.80049434906353, Brighton and Hove
E06000044,             5210.0,         67.49,                        3.9,       17626.0,             432.4,           ,            7200.0, 16.73611111111111 , 10.555555555555555,     4.25531914893617  , 56.43939          ,              96.5,      100.0 ,      100.0 ,                   0.9,  7.61868842101148 ,  6.6936885190822 ,    7.6120019106577 , Portsmouth
E06000045,             5001.0,         68.38,                        4.5,       17687.0,             473.1,           ,            8935.0, 21.376608841634024,  9.7929490766648  ,     3.4482758620689653, 53.0837           ,              95.4,      100.0 ,      100.0 ,                   1.7,  8.2499816804918  ,  7.0739113313755 ,    9.29088519614195, Southampton
E06000046,              373.0,         56.25,                        3.6,       18644.0,             416.2,           ,            4645.0,  8.826695371367062,  9.903121636167922,     2.6785714285714284, 54.94393          ,              85.9,       99.96,       87.98,                   3.2, 10.7155538073924  ,  7.94422773849535,   11.8173405346338 , Isle of Wight
E06000047,              233.0,         61.78,                        5.4,       16612.0,             467.8,           ,           13970.0, 11.811023622047244,  9.699355762347889,     3.6809815950920246, 51.73018          ,              81.9,       96.15,       66.48,                   2.1, 13.0959744122387  ,  8.81956011180234,   14.0525479374537 , County Durham
E06000048,                   ,              ,                           ,              ,                  ,           ,                  ,                   ,                   ,                       ,                   ,                  ,            ,            ,                      , 16.5457819622352  ,  9.84221190186236,   18.2104766122419 , 
E06000049,              335.0,         60.06,                        3.0,       24294.0,             493.0,           ,           19835.0, 10.536929669775649,  9.982354423997982,     4.336734693877551 , 55.41401          ,              82.9,       99.38,       91.29,                   3.1, 10.3752525811349  ,  7.77254560281613,   13.1848034099729 , Cheshire East
E06000050,              384.0,         61.6 ,                        3.4,       20925.0,             483.1,           ,           14585.0, 10.695920466232431, 10.387384298937265,     4.72972972972973  , 54.0634           ,              86.6,       99.92,       91.11,                   2.3, 10.6665733335679  ,  7.99042045839207,   13.4696876291782 , Cheshire West and Chester
E06000051,              100.0,         58.97,                        3.1,       20348.0,             457.3,           ,           13445.0,  8.664931201190033,  8.218668650055783,     4.316546762589928 , 52.95806999999999 ,              72.5,       99.59,       75.54,                   7.9, 15.0011174778264  ,  9.444508310758  ,   19.231144977505  , Shropshire
E06000052,              159.0,         58.51,                        3.1,       18831.0,             396.5,           ,           21945.0,  9.979494190020507,  8.156755525176578,     4.0               ,                   ,              62.5,       99.13,       68.25,                   7.1, 13.503919634403   ,  8.92068553458905,   16.4066701917452 , Cornwall
E06000053,              129.0,         57.96,                           ,       23681.0,             422.3,           ,             170.0,  8.823529411764707,  8.823529411764707,     0.0               ,                   ,              49.8,       98.66,       88.26,                   1.5, 42.2719214447003  , 40.9417434552464 ,   44.2956783699799 , Isles of Scilly
E06000054,              155.0,         60.2 ,                        2.7,       22620.0,             441.4,           ,           22165.0,  9.49695465824498 , 10.196255357545681,     4.086538461538462 , 56.61512          ,              74.5,       99.44,       71.27,                   3.0, 12.3234564400503  ,  8.45028877360265,   14.5658878871836 , Wiltshire
E06000055,              379.0,         62.97,                        3.9,       20991.0,             485.1,           ,            7675.0, 12.052117263843648, 10.29315960912052 ,     5.384615384615385 , 57.18016          ,              83.8,      100.0 ,       91.82,                   2.3, 10.5051849962268  ,  7.95252979303244,   11.5879142280331 , Bedford
E06000056,              398.0,         62.38,                        2.3,       22248.0,             557.7,           ,           14455.0, 10.273261847111726, 18.64406779661017 ,     3.9408866995073892, 60.95318          ,              82.7,      100.0 ,       99.6 ,                   2.1, 11.1787181033365  ,  8.19783365333551,   12.5382538723736 , Central Bedfordshire
E06000057,               63.0,         58.82,                        4.7,       19808.0,             429.6,           ,           10375.0, 10.024096385542167,  9.783132530120483,     3.9301310043668125, 53.00751999999999 ,              79.5,       96.09,       49.69,                   3.6,                   ,                  ,                    , Northumberland
E06000058,             2469.0,         62.1 ,                        3.0,       21257.0,             460.0,           ,           16725.0, 11.539611360239164, 10.194319880418536,     4.117647058823529 , 57.00156          ,              88.7,      100.0 ,       98.97,                   0.8,                   ,                  ,                    , "            Bournemouth, Christchurch and Poole          "
E06000059,              152.0,         55.37,                        2.6,       21991.0,             432.2,           ,           16635.0,  8.716561466786896,  8.776675683799219,     3.8011695906432745, 56.042030000000004,              71.4,       99.83,       75.84,                   2.6,                   ,                  ,                    , Dorset
E06000060,              349.0,         61.4 ,                        2.8,       28176.0,             555.8,           ,           33055.0, 10.21025563454848 ,  9.363182574497051,     4.8169556840077075, 55.2687           ,              79.3,       99.92,       96.67,                   2.9,                   ,                  ,                    , Buckinghamshire
E06000061,              360.0,         62.07,                           ,       18884.0,                  ,           ,           19585.0, 14.8838396732193  , 10.033188664794485,     4.406779661016949 , 55.3094           ,              94.7,       99.9 ,       80.2 ,                   0.8,                   ,                  ,                    , North Northamptonshire
E06000062,              307.0,         63.61,                           ,       21040.0,                  ,           ,           20995.0, 14.0509645153608  , 11.336032388663968,     5.405405405405405 , 55.49451          ,              94.0,       99.98,       94.23,                   1.3,                   ,                  ,                    , West Northamptonshire
E06000063,               91.0,         60.39,                           ,       18315.0,                  ,           ,            9575.0,  9.086161879895561, 10.026109660574413,     4.285714285714286 ,                   ,              73.2,       93.13,       63.08,                   3.7,                   ,                  ,                    , Cumberland
E06000064,               60.0,         59.02,                           ,       21043.0,                  ,           ,           10205.0,  8.329250367466928,  8.672219500244978,     3.2520325203252036, 52.59189          ,              76.9,       95.63,       61.15,                   4.6,                   ,                  ,                    , Westmorland and Furness
E06000065,               76.0,         59.01,                           ,       22231.0,             450.0,           ,           28305.0,  8.956014838367778,  8.602720367426251,     4.140127388535031 , 55.503980000000006,              78.7,       95.21,       69.73,                   4.7,                   ,                  ,                    , North Yorkshire
E06000066,              164.0,         58.26,                           ,       20246.0,             433.9,           ,           22820.0, 10.16652059596845 ,  9.114811568799299,     4.042553191489362 , 54.29427          ,              73.4,       99.27,       81.35,                   5.1,                   ,                  ,                    , Somerset
E07000004,                   ,              ,                           ,              ,                  ,           ,           10145.0, 11.187777230162641,  8.723509117792014,     5.161290322580645 ,                   ,                  ,            ,            ,                      , 11.5035491727586  ,  8.22833440048529,   14.0351114421036 , 
E07000005,                   ,              ,                           ,              ,                  ,           ,            6860.0,  9.110787172011662,  9.402332361516034,     3.6585365853658534,                   ,                  ,            ,            ,                      ,  9.9991851587613  ,  7.49267849492207,   12.3579980887517 , 
E07000006,                   ,              ,                           ,              ,                  ,           ,            5755.0, 10.078192875760209,  9.730668983492615,     4.49438202247191  ,                   ,                  ,            ,            ,                      ,  9.32451005187248 ,  7.46917455691074,   11.6146219810453 , 
E07000007,                   ,              ,                           ,              ,                  ,           ,           10295.0, 10.053423992229238,  9.762020398251577,     5.181347150259067 ,                   ,                  ,            ,            ,                      ,  9.36136182779481 ,  7.39587208800894,   11.0533636970565 , 
E07000008,             3517.0,         74.12,                        2.4,       22771.0,             558.7,           ,            5380.0, 11.431226765799256,  9.200743494423792,     5.839416058394161 , 56.2341           ,              94.1,      100.0 ,      100.0 ,                   1.2,  8.07760576992919 ,  7.07273136180942,    8.62117210586765, Cambridge
E07000009,              134.0,         60.43,                        2.1,       22506.0,             523.1,           ,            3910.0,  9.335038363171355,  8.312020460358056,     5.405405405405405 , 52.5641           ,              84.3,      100.0 ,       94.8 ,                   2.4, 12.5798440100383  ,  8.38594122729206,   15.42695241089   , East Cambridgeshire
E07000010,              188.0,         60.13,                        3.6,       17557.0,             421.2,           ,            3520.0, 13.068181818181818,  9.659090909090908,     4.761904761904762 , 51.98238          ,              86.3,      100.0 ,       99.18,                   2.8, 11.884177395427   ,  8.23393078370633,   16.6645850073211 , Fenland
E07000011,              195.0,         61.75,                        2.7,       21414.0,             530.4,           ,            8385.0, 12.999403697078115,  9.063804412641623,     5.298013245033113 , 52.7977           ,              88.9,      100.0 ,       94.85,                   1.7, 10.8214059838995  ,  7.8831094895868 ,   14.5487819537096 , Huntingdonshire
E07000012,              176.0,         60.96,                        1.9,       26645.0,             632.4,           ,            8805.0, 11.527541169789894,  9.483248154457694,     6.557377049180328 , 58.26211          ,              82.9,      100.0 ,       98.6 ,                   2.2, 11.386575716723   ,  8.03643350955388,   13.7473949698389 , South Cambridgeshire
E07000026,                   ,              ,                           ,              ,                  ,           ,            3585.0,  8.507670850767084, 10.181311018131103,     3.75              ,                   ,                  ,            ,            ,                      , 15.5260599612305  ,  9.68075284206673,   20.4926962998801 , 
E07000027,                   ,              ,                           ,              ,                  ,           ,            2095.0, 12.17183770883055 , 12.649164677804295,     0.0               ,                   ,                  ,            ,            ,                      , 11.5887756905788  ,  8.24416912042883,   14.1532880914438 , 
E07000028,                   ,              ,                           ,              ,                  ,           ,            3890.0,  9.640102827763496,  9.125964010282777,     5.208333333333334 ,                   ,                  ,            ,            ,                      , 11.8259513951674  ,  8.39184090899736,   16.7958649815168 , 
E07000029,                   ,              ,                           ,              ,                  ,           ,            2100.0,  9.047619047619047, 11.428571428571429,     2.941176470588235 ,                   ,                  ,            ,            ,                      , 13.3340516848301  ,  8.85498954613071,   18.9249496278136 , 
E07000030,                   ,              ,                           ,              ,                  ,           ,            2445.0,  7.361963190184049,  7.566462167689162,     5.0               ,                   ,                  ,            ,            ,                      , 17.621219478195   , 10.2769888086392 ,   33.1795463245949 , 
E07000031,                   ,              ,                           ,              ,                  ,           ,            5665.0,  7.325684024713151,  7.67872903795234 ,     3.4482758620689653,                   ,                  ,            ,            ,                      , 12.2184304536316  ,  8.59061136096044,   18.3365205698514 , 
E07000032,              474.0,         60.83,                        2.6,       18905.0,             482.8,           ,            4630.0,  9.827213822894167,  8.855291576673865,     3.669724770642202 ,                   ,              88.1,       99.97,       98.49,                   1.6,  9.92773703132328 ,  7.49674678610537,   11.023847457478  , Amber Valley
E07000033,              494.0,         62.24,                        3.5,       15602.0,             406.0,           ,            2355.0, 11.464968152866243, 10.40339702760085 ,     3.508771929824561 , 48.37758          ,              91.2,      100.0 ,       99.29,                   1.5, 13.4273159091517  ,  8.8264778465225 ,   14.1234434301289 , Bolsover
E07000034,             1577.0,         61.8 ,                        4.9,       16878.0,             415.5,           ,            3620.0, 11.187845303867404,  8.977900552486188,     4.2105263157894735, 55.48902          ,              89.4,      100.0 ,      100.0 ,                   0.6,  8.9610971677672  ,  7.25350957202795,   10.5823306451787 , Chesterfield
E07000035,               90.0,         57.52,                        2.1,       25579.0,             435.3,           ,            4025.0,  8.198757763975156,  8.944099378881988,     4.49438202247191  , 52.54237          ,              57.3,       99.37,       90.0 ,                   6.6, 12.6697372314109  ,  8.46143495141225,   13.7917030059566 , Derbyshire Dales
E07000036,             1037.0,         61.9 ,                        3.1,       17739.0,             448.5,           ,            3990.0,  9.899749373433583,  9.398496240601503,     4.25531914893617  , 52.43363000000001 ,              95.1,      100.0 ,       99.99,                   0.9, 10.0106285470861  ,  7.74944027098308,   10.9987389529972 , Erewash
E07000037,              169.0,         61.6 ,                        3.3,       19705.0,             432.8,           ,            4090.0, 10.39119804400978 ,  9.290953545232274,     4.878048780487805 , 51.39785          ,              78.8,       91.39,       75.03,                   2.6,  9.52386175416202 ,  7.44053183564391,   10.281946338135  , High Peak
E07000038,              364.0,         58.86,                        3.1,       19327.0,             455.0,           ,            3290.0, 10.182370820668693,  8.358662613981762,     5.88235294117647  , 53.80116999999999 ,              86.9,       99.91,       97.19,                   2.4, 11.4738045483062  ,  8.39728575368039,   13.3020323486317 , North East Derbyshire
E07000039,              306.0,         62.43,                        2.3,       20122.0,             523.5,           ,            3835.0, 11.603650586701434,  9.778357235984354,     3.076923076923077 ,                   ,              88.5,      100.0 ,       98.97,                   1.9, 10.7211240927822  ,  7.9792144878736 ,   13.0834900314584 , South Derbyshire
E07000040,              181.0,         54.24,                        2.1,       21603.0,             426.1,           ,            5895.0,  8.566581849024598,  9.0754877014419  ,     4.0               , 59.13411          ,              73.9,       99.57,       82.0 ,                   6.3, 12.4356304550312  ,  8.52975439282011,   17.4294434536166 , East Devon
E07000041,             2685.0,         67.83,                        2.8,       17974.0,             437.7,           ,            4535.0, 11.686879823594266,  8.26901874310915 ,     4.724409448818897 , 61.61616          ,              89.9,      100.0 ,       99.96,                   2.6,  9.10139299313047 ,  7.40922092658453,   10.5946696036368 , Exeter
E07000042,               89.0,         58.39,                        2.7,       19943.0,             440.7,           ,            3335.0,  8.245877061469265,  8.695652173913043,     2.941176470588235 , 59.48276          ,              59.1,       98.48,       69.73,                  12.2, 15.6627485155019  ,  9.73967972878066,   20.0908089164808 , Mid Devon
E07000043,               90.0,         57.55,                        2.4,       19174.0,             372.9,           ,            3875.0,  8.774193548387096,  8.258064516129032,     4.301075268817205 , 56.926            ,              65.1,       97.98,       42.17,                   7.1, 13.3873025684939  ,  8.97006776095757,   18.6507675684768 , North Devon
E07000044,               98.0,         56.43,                        2.0,       24611.0,             393.1,           ,            4575.0,  8.306010928961749,  9.289617486338798,     3.7383177570093453, 58.648109999999996,              56.1,       98.12,       75.6 ,                  12.2, 17.1449448937837  , 10.7177033492021 ,   24.0285383641426 , South Hams
E07000045,              199.0,         57.24,                        2.6,       20291.0,             391.6,           ,            5430.0,  8.655616942909761,  8.83977900552486 ,     4.615384615384616 , 55.36424          ,              75.6,       98.36,       66.5 ,                   7.0, 12.4699521628549  ,  8.94897058619131,   16.551212829371  , Teignbridge
E07000046,               69.0,         56.31,                        2.4,       17764.0,             414.9,           ,            2465.0,  8.316430020283976,  8.316430020283976,     3.7037037037037033, 55.837559999999996,              62.8,       99.32,       43.13,                  13.1, 16.6243125385736  , 10.2666755541255 ,   25.7054056302143 , Torridge
E07000047,               48.0,         56.15,                        2.3,       20952.0,             391.4,           ,            2255.0,  8.425720620842572,  8.425720620842572,     4.0               , 54.65116          ,              59.8,       96.27,       46.35,                  14.6, 20.9701574887279  , 11.463263686012  ,   25.4963944993489 , West Devon
E07000048,                   ,              ,                           ,              ,                  ,           ,                  ,                   ,                   ,                       ,                   ,                  ,            ,            ,                      ,  8.60456296307148 ,  7.05784628308047,    8.76649760587181, 
E07000049,                   ,              ,                           ,              ,                  ,           ,                  ,                   ,                   ,                       ,                   ,                  ,            ,            ,                      , 12.1771756991021  ,  8.76066318995707,   16.1466527056174 , 
E07000050,                   ,              ,                           ,              ,                  ,           ,                  ,                   ,                   ,                       ,                   ,                  ,            ,            ,                      , 15.2064968157465  ,  9.43783310979077,   20.0431235576584 , 
E07000051,                   ,              ,                           ,              ,                  ,           ,                  ,                   ,                   ,                       ,                   ,                  ,            ,            ,                      , 10.6340440506214  ,  7.7446020037483 ,   13.05741820825   , 
E07000052,                   ,              ,                           ,              ,                  ,           ,                  ,                   ,                   ,                       ,                   ,                  ,            ,            ,                      , 13.7045431847571  ,  8.92027286133173,   18.4544620587233 , 
E07000053,                   ,              ,                           ,              ,                  ,           ,                  ,                   ,                   ,                       ,                   ,                  ,            ,            ,                      ,  9.59963993122268 ,  7.43343265867502,   11.2114066575245 , 
E07000061,             2327.0,         58.67,                        4.2,       19815.0,             447.9,           ,            3525.0, 13.75886524822695 , 10.212765957446807,     2.8169014084507045,                   ,              86.9,       99.91,       79.65,                   0.2,  8.56258538399288 ,  7.14007176111975,    9.38869054184257, Eastbourne
E07000062,             3072.0,         61.77,                        4.3,       17672.0,             413.6,           ,            3120.0, 12.01923076923077 , 10.737179487179487,     3.1746031746031744, 50.87719          ,              75.4,       99.66,       96.84,                   0.3,  8.39214046229757 ,  6.99169160893103,    8.76175550050258, Hastings
E07000063,              345.0,         57.1 ,                        3.7,       24277.0,             483.7,           ,            4645.0,  9.364908503767493,  9.364908503767493,     2.4691358024691357,                   ,              70.1,       99.93,       77.46,                   1.7, 10.0469427377771  ,  7.81614469434897,   11.4041921848538 , Lewes
E07000064,              182.0,         52.55,                        3.3,       23137.0,             422.9,           ,            4085.0,  8.935128518971847,  9.424724602203183,     2.7777777777777777,                   ,              70.4,       99.75,       90.79,                   2.8, 13.3652226665347  ,  8.81991680752973,   15.2434179890754 , Rother
E07000065,              189.0,         56.82,                        2.5,       25443.0,             454.9,           ,            8505.0,  8.994708994708994,  9.229864785420341,     2.857142857142857 ,                   ,              67.8,       99.67,       84.97,                   2.5, 11.8465708851052  ,  8.22225408626477,   14.6714997878457 , Wealden
E07000066,             1706.0,         62.29,                        4.2,       20635.0,             489.0,           ,            8735.0, 12.936462507155122, 10.875787063537492,     3.5294117647058822, 51.67131          ,              91.5,      100.0 ,      100.0 ,                   0.7,  9.12440015872768 ,  7.49022845612346,   10.4911975543703 , Basildon
E07000067,              251.0,         61.0 ,                        3.0,       21311.0,             498.3,           ,            6750.0,  9.703703703703702,  9.185185185185185,     4.411764705882353 , 53.738319999999995,              89.9,       99.95,       92.45,                   1.5, 11.0133696830226  ,  8.10942443956251,   14.5994108234346 , Braintree
E07000068,              504.0,         61.5 ,                        2.8,       29894.0,             622.4,           ,            5020.0, 11.952191235059761, 10.557768924302788,     5.128205128205128 , 61.129569999999994,              84.4,      100.0 ,       99.6 ,                   2.5,  9.35432027129333 ,  7.36518586410187,   10.3403005611117 , Brentwood
E07000069,             2006.0,         57.85,                        2.9,       21693.0,             464.1,           ,            3755.0, 10.119840213049267, 10.119840213049267,     4.081632653061225 , 48.668279999999996,              81.8,      100.0 ,      100.0 ,                   0.4,  8.81721895429076 ,  7.33835740401401,   10.813852189811  , Castle Point
E07000070,              531.0,         62.18,                        2.5,       23957.0,             536.0,           ,            8820.0, 11.224489795918368,  9.977324263038549,     4.054054054054054 , 60.952380000000005,              86.3,       99.99,       98.97,                   2.1, 10.8745836151479  ,  8.27103427621267,   13.9718420195267 , Chelmsford
E07000071,              580.0,         63.43,                        3.7,       20036.0,             454.4,           ,            7990.0, 14.580725907384231, 10.137672090112641,     4.242424242424243 , 57.843140000000005,              81.3,       99.99,       98.62,                   2.0, 10.2746610711531  ,  8.03686720428339,   11.3117561350067 , Colchester
E07000072,              396.0,         61.9 ,                        2.8,       30209.0,             549.7,           ,            8820.0, 11.678004535147393,  9.693877551020408,     4.918032786885246 , 59.76096          ,              87.8,      100.0 ,       98.29,                   2.6, 10.2922223297681  ,  7.89320361102094,   12.2081113669044 , Epping Forest
E07000073,             3011.0,         63.72,                        5.2,       18069.0,             457.6,           ,            3510.0, 15.527065527065528, 11.253561253561253,     7.042253521126761 , 53.04054          ,              89.5,      100.0 ,      100.0 ,                   2.7,  8.85086203832172 ,  7.30532803303108,    9.38286042547051, Harlow
E07000074,              180.0,         58.64,                        2.6,       22384.0,             517.5,           ,            3535.0,  9.476661951909476,  8.91089108910891 ,     3.076923076923077 , 57.620819999999995,              81.8,      100.0 ,       99.38,                   1.9, 14.0737121468103  ,  8.94469974094174,   15.0148555132602 , Maldon
E07000075,              510.0,         59.32,                        2.2,       22750.0,             465.1,           ,            4000.0, 10.375            ,  9.75             ,     6.451612903225806 , 53.46756          ,              80.4,      100.0 ,       99.89,                   0.6, 12.7756869992392  ,  9.22842582716778,   15.6361533410362 , Rochford
E07000076,              433.0,         54.18,                        4.9,       19138.0,             407.5,           ,            4640.0, 10.991379310344827,  9.806034482758621,     2.2222222222222223, 55.25164          ,              77.0,      100.0 ,       97.01,                   0.8, 11.4872092487639  ,  8.19678345687937,   12.9203439469091 , Tendring
E07000077,              139.0,         60.45,                        2.1,       28235.0,             575.6,           ,            5550.0,  9.72972972972973 ,  9.63963963963964 ,     5.434782608695652 , 60.20672          ,              80.0,       99.98,       93.71,                   3.9, 12.8279077544568  ,  8.59967882328008,   14.876961660423  , Uttlesford
E07000078,             2564.0,         63.93,                        3.0,       22230.0,             506.0,           ,            5765.0, 11.014744145706851,  9.71379011274935 ,     4.8               , 55.8753           ,              92.6,       99.98,       99.48,                   0.3,  8.12198748027491 ,  6.97485148791864,    8.56040190934167, Cheltenham
E07000079,               77.0,         58.11,                        2.3,       30855.0,             479.1,           ,            5860.0,  9.044368600682594,  8.617747440273039,     4.201680672268908 , 52.9976           ,              66.0,       99.56,       56.27,                   2.8, 14.0756605691337  ,  9.13031083588671,   18.8726626423827 , Cotswold
E07000080,              164.0,         58.75,                        3.2,       18605.0,             433.8,           ,            3765.0,  7.835325365205843,  7.835325365205843,     4.761904761904762 , 51.570679999999996,              77.6,       99.38,       81.55,                   5.4, 16.9048330489083  ,  9.75559671413962,   20.8183681431003 , Forest of Dean
E07000081,             3249.0,         63.93,                        3.7,       16918.0,             438.3,           ,            4120.0, 11.893203883495145, 10.072815533980583,     4.901960784313726 , 52.43363000000001 ,              93.7,      100.0 ,      100.0 ,                   0.6,  9.27233987940629 ,  7.51858844328348,   11.3965446664815 , Gloucester
E07000082,              258.0,         59.38,                        2.1,       23326.0,             460.0,           ,            5910.0,  8.375634517766498,  8.629441624365482,     4.0650406504065035, 59.6745           ,              76.7,       99.33,       92.72,                   2.3, 11.3947545979122  ,  8.08280511326904,   13.7396124046504 , Stroud
E07000083,              224.0,         59.17,                        3.1,       21060.0,             496.0,           ,            4270.0,  9.953161592505854,  8.19672131147541 ,     6.122448979591836 , 55.61496999999999 ,              85.9,       99.9 ,       91.61,                   5.2, 10.1023050871068  ,  7.67402135559973,   11.5429846541881 , Tewkesbury
E07000084,              286.0,         63.38,                        2.8,       24459.0,             542.8,           ,            8355.0, 10.47277079593058 ,  9.21603830041891 ,     5.517241379310345 , 59.011630000000004,              80.0,       99.95,       78.1 ,                   2.8, 10.7979188120604  ,  8.11300552860694,   14.0073679081185 , Basingstoke and Deane
E07000085,              237.0,         59.51,                        2.1,       27076.0,             553.3,           ,            6775.0,  9.59409594095941 ,  9.37269372693727 ,     3.418803418803419 , 60.869569999999996,              71.5,       99.9 ,       80.78,                   4.5, 11.8265282723361  ,  8.1858845081035 ,   14.5502547812903 , East Hampshire
E07000086,             1659.0,         61.37,                        2.8,       21900.0,             492.4,           ,            7440.0, 13.911290322580644, 11.021505376344086,     5.217391304347826 , 59.764309999999995,              88.0,      100.0 ,       99.6 ,                   1.4,  8.66256349531895 ,  7.14319844610337,    9.54333663746068, Eastleigh
E07000087,             1548.0,         59.36,                        2.2,       22668.0,             518.8,           ,            4985.0, 10.330992978936811,  9.227683049147442,     2.803738317757009 , 54.416959999999996,              96.8,      100.0 ,       99.78,                   0.6,  9.81550535797708 ,  7.756584877983  ,   12.0983697931216 , Fareham
E07000088,             3272.0,         61.05,                        3.7,       18438.0,             472.8,           ,            2150.0, 12.558139534883722, 11.395348837209303,     2.564102564102564 , 52.556819999999995,              97.6,      100.0 ,      100.0 ,                   0.1,  8.35891476837008 ,  6.96468616950645,    9.2260150492038 , Gosport
E07000089,              454.0,         60.97,                        1.7,       28446.0,             577.2,           ,            5270.0, 10.341555977229602,  9.487666034155598,     3.571428571428571 , 55.65217          ,              86.0,      100.0 ,       88.99,                   2.3,  9.18596609302934 ,  7.33754428304869,   11.7517750753742 , Hart
E07000090,             2226.0,         58.66,                        3.2,       20360.0,             492.7,           ,            4770.0, 11.740041928721174,  9.958071278825996,     6.172839506172839 , 58.19671999999999 ,              93.8,      100.0 ,       99.4 ,                   0.1, 10.2729774676131  ,  8.15591445975513,   13.3669393378712 , Havant
E07000091,              235.0,         55.44,                        2.2,       24694.0,             471.5,           ,            8275.0,  8.761329305135952,  9.123867069486405,     4.142011834319527 , 57.342009999999995,              72.7,       99.41,       70.0 ,                   3.1, 10.4402449235722  ,  7.77364199715846,   13.272520719031  , New Forest
E07000092,             2555.0,         66.2 ,                        2.6,       19748.0,             537.5,           ,            3810.0, 12.860892388451445, 10.36745406824147 ,     7.954545454545454 , 49.45848          ,              94.4,      100.0 ,       99.54,                   1.4,  8.39952520373653 ,  6.95874025905574,    9.66813873426929, Rushmoor
E07000093,              203.0,         60.56,                        2.7,       24177.0,             510.0,           ,            7145.0, 14.625612316305109,  9.237228831350595,     6.7669172932330826, 56.20438000000001 ,              74.1,       99.92,       67.57,                   4.4, 11.5923277473052  ,  8.34973496501287,   14.3889971179256 , Test Valley
E07000094,              188.0,         61.0 ,                        2.8,       28024.0,             556.1,           ,            8225.0,  9.969604863221884,  8.024316109422493,     4.0650406504065035, 64.33962          ,              62.6,       99.97,       76.24,                   5.7, 10.6685645547405  ,  7.80878348069123,   12.2905390281105 , Winchester
E07000095,             1921.0,         62.51,                        3.6,       22340.0,             515.0,           ,            4765.0, 12.381951731374606, 10.703043022035677,     2.73972602739726  ,                   ,              91.5,      100.0 ,       99.98,                   0.7,  9.18864976829295 ,  7.48206136155243,   10.8262119191821 , Broxbourne
E07000096,              727.0,         62.69,                        2.4,       25037.0,             527.7,           ,            8805.0, 10.732538330494037,  9.82396365701306 ,     4.37956204379562  , 52.65866          ,              84.1,       99.96,       94.64,                   2.2, 10.1875594979697  ,  7.8690070560229 ,   12.5567235649678 , Dacorum
E07000097,                   ,              ,                           ,              ,                  ,           ,                  ,                   ,                   ,                       ,                   ,                  ,            ,            ,                      , 10.6762805783514  ,  7.8545924085056 ,   12.653111779533  , 
E07000098,             1060.0,         61.91,                        2.8,       29416.0,             569.9,           ,            8365.0, 12.492528392109982,  9.503885236102809,     3.8461538461538463,                   ,              89.3,      100.0 ,      100.0 ,                   1.3,  7.75981787149249 ,  6.80562732188112,    7.88738628288391, Hertsmere
E07000099,              355.0,         61.5 ,                        2.9,       25334.0,             573.0,           ,            6935.0, 10.021629416005768,  9.228550829127613,     4.0               , 63.92856999999999 ,              84.5,       99.99,       94.01,                   2.0, 10.5582382369387  ,  7.93146273138277,   12.4792563320876 , North Hertfordshire
E07000100,                   ,              ,                           ,              ,                  ,           ,                  ,                   ,                   ,                       ,                   ,                  ,            ,            ,                      ,  8.94301583959309 ,  7.31505889466539,   10.0746249138276 , 
E07000101,                   ,              ,                           ,              ,                  ,           ,                  ,                   ,                   ,                       ,                   ,                  ,            ,            ,                      , 13.2246710873956  ,  9.12924691871309,   17.0230831305994 , 
E07000102,             1052.0,         61.94,                        2.7,       29037.0,             553.5,           ,            5905.0, 10.838272650296359,  9.314140558848434,     3.6585365853658534, 54.95751          ,              91.3,       99.99,       99.77,                   1.3, 11.1946768533678  ,  8.22717224672084,   14.0923871069926 , Three Rivers
E07000103,             4768.0,         66.36,                        3.0,       21865.0,             546.3,           ,            5905.0, 17.612193056731584, 10.414902624894157,     3.8095238095238098, 55.4007           ,              94.3,      100.0 ,      100.0 ,                   0.3,  8.21705591618434 ,  7.30739713434611,    9.21702604321368, Watford
E07000104,                   ,              ,                           ,              ,                  ,           ,                  ,                   ,                   ,                       ,                   ,                  ,            ,            ,                      ,  9.91798805138935 ,  7.67473613300197,   12.2280563173961 , 
E07000105,              225.0,         60.85,                        3.7,       21459.0,             507.1,           ,            6505.0, 12.067640276710224, 10.376633358954649,     3.7037037037037033,                   ,              73.8,       99.78,       86.16,                   5.8, 11.5642098278561  ,  8.26247829757194,   13.6743414437085 , Ashford
E07000106,              509.0,         62.87,                        4.2,       19779.0,             459.6,           ,            5780.0, 11.159169550173011,  9.2560553633218  ,     4.3478260869565215,                   ,              72.5,       99.95,       88.99,                   3.1,  9.4327838590122  ,  7.37457344562143,   10.3515337547046 , Canterbury
E07000107,             1566.0,         64.01,                        2.5,       21003.0,             553.0,           ,            5325.0, 16.525821596244132, 10.046948356807512,     3.5294117647058822, 59.271519999999995,              83.6,      100.0 ,       99.99,                   1.1,  8.41691869750195 ,  7.0841526893163 ,    8.58687292125276, Dartford
E07000108,              368.0,         58.92,                        5.0,       19766.0,             493.4,           ,            3660.0, 11.612021857923498,  9.562841530054644,     2.8169014084507045,                   ,              78.7,       99.97,       91.38,                   3.8, 12.0545076362022  ,  8.56502833526364,   14.3903289973975 , Dover
E07000109,             1084.0,         62.08,                        4.6,       20454.0,             483.9,           ,            4535.0, 14.112458654906284, 11.466372657111357,     3.125             , 55.584419999999994,              81.9,       99.48,       88.43,                   2.0,  9.21356768190918 ,  7.31794220736294,    9.64807934610864, Gravesham
E07000110,              437.0,         61.85,                        2.9,       22404.0,             487.2,           ,            8045.0, 12.243629583592293,  9.571162212554382,     4.081632653061225 ,                   ,              78.0,       99.29,       97.49,                   5.3,  9.2317331583104  ,  7.44163465315721,   10.9030200254713 , Maidstone
E07000111,              324.0,         58.52,                        2.7,       31032.0,             573.0,           ,            7195.0,  9.798471160528145,  9.659485753995831,     5.737704918032787 ,                   ,              74.6,       99.72,       85.95,                   4.1, 10.2518948747192  ,  7.77014725440301,   11.9204730615269 , Sevenoaks
E07000112,              307.0,         58.39,                        3.7,       20935.0,             466.5,           ,            3900.0, 10.256410256410255,  9.871794871794872,     5.405405405405405 ,                   ,              76.5,       99.5 ,       83.18,                   5.6, 11.8428774338835  ,  8.43022577647808,   13.1458871117232 , Folkestone and Hythe
E07000113,              401.0,         61.34,                        4.7,       19854.0,             490.5,           ,            5265.0, 11.11111111111111 ,  9.591642924976258,     3.0927835051546393,                   ,              79.1,       99.67,       96.32,                   3.7, 11.230031075095   ,  8.1041988631687 ,   12.0498813103885 , Swale
E07000114,             1357.0,         58.27,                        5.7,       18705.0,             393.3,           ,            4490.0, 13.474387527839642, 11.469933184855234,     4.938271604938271 , 56.790119999999995,              78.6,      100.0 ,       99.98,                   1.8,  9.2295684632718  ,  7.26025131505253,   10.5235097285425 , Thanet
E07000115,              548.0,         60.84,                        2.6,       24250.0,             564.7,           ,            6420.0, 10.981308411214954,  9.26791277258567 ,     5.64516129032258  ,                   ,              83.8,       99.98,       91.08,                   3.3,  9.58624651173028 ,  7.54760830624364,   11.0585467460303 , Tonbridge and Malling
E07000116,              348.0,         60.94,                        2.5,       28952.0,             535.2,           ,            6620.0,  9.290030211480364,  9.516616314199396,     4.310344827586207 ,                   ,              79.3,       99.95,       95.66,                   3.4, 10.3432344144031  ,  7.86979643001363,   12.2749671446687 , Tunbridge Wells
E07000117,              840.0,         61.33,                        5.6,       14715.0,             431.2,           ,            2845.0, 14.059753954305801,  9.490333919156415,     5.714285714285714 , 54.248369999999994,              95.6,       99.86,       92.92,                   0.8,  8.30232885001193 ,  6.78994965660069,    8.63338382036419, Burnley
E07000118,              576.0,         61.53,                        3.1,       19221.0,             477.9,           ,            4600.0, 11.41304347826087 ,  9.130434782608695,     3.3707865168539324, 52.67176          ,              90.7,       99.99,       98.32,                   1.8,  9.44580707936047 ,  7.31389290320922,   10.784047226814  , Chorley
E07000119,              482.0,         57.13,                        2.3,       22770.0,             534.4,           ,            3420.0, 10.818713450292398, 10.380116959064328,     3.9473684210526314, 54.82456          ,              92.9,      100.0 ,       98.34,                   0.9,  9.91099898274799 ,  7.43097743759516,   11.3772051590401 , Fylde
E07000120,             1123.0,         61.17,                        4.3,       15233.0,             449.9,           ,            2490.0, 12.048192771084338, 11.04417670682731 ,     6.25              , 46.86649          ,              93.9,      100.0 ,       99.93,                   1.0,  8.13976432595964 ,  6.61012251958577,    8.39367404099977, Hyndburn
E07000121,              247.0,         62.78,                        4.5,       17089.0,             431.3,           ,            4580.0, 10.58951965065502 ,  9.06113537117904 ,     4.716981132075472 , 51.80723          ,              88.0,       95.12,       81.94,                   1.3, 10.9059171445293  ,  7.97405786123486,   12.1751721002661 , Lancaster
E07000122,              560.0,         60.46,                        4.3,       15390.0,             433.8,           ,            2920.0, 11.13013698630137 ,  9.58904109589041 ,     4.477611940298507 , 47.98851          ,              92.7,       99.49,       93.09,                   2.5,  8.20756814027003 ,  6.62690741411804,    8.07276887214512, Pendle
E07000123,             1016.0,         65.3 ,                        3.7,       15860.0,             402.5,           ,            5715.0, 12.685914260717409, 10.411198600174979,     3.6764705882352944, 54.19223          ,              87.6,       99.49,       96.48,                   0.9,  8.67088033809522 ,  7.14093887925645,    8.89182718774871, Preston
E07000124,              103.0,         59.44,                        1.9,       25694.0,             508.4,           ,            3100.0,  9.67741935483871 ,  8.225806451612904,     3.225806451612903 , 54.72973          ,              83.3,       95.55,       67.75,                   4.6, 11.777668778772   ,  8.11824050943957,   12.6715507899666 , Ribble Valley
E07000125,              513.0,         61.69,                        3.0,       17647.0,             419.6,           ,            3230.0,  9.287925696594428, 26.625386996904027,     3.508771929824561 , 49.5356           ,              92.2,       99.91,       98.23,                   1.7,  9.14772641728767 ,  7.26279540650551,   10.1288901373947 , Rossendale
E07000126,              976.0,         60.71,                        2.6,       18511.0,             454.6,           ,            4140.0, 11.473429951690822,  9.420289855072465,     6.796116504854369 , 53.740159999999996,              82.5,       99.98,       98.68,                   1.8, 11.1751496973499  ,  8.10133123461682,   13.6129633750681 , South Ribble
E07000127,              334.0,         61.51,                        4.0,       20110.0,             469.1,           ,            4490.0, 10.801781737193764,  9.910913140311804,     3.8461538461538463, 55.818180000000005,              79.5,      100.0 ,       97.79,                   2.6, 10.5086451425391  ,  7.82849898248159,   11.482635808843  , West Lancashire
E07000128,              388.0,         56.27,                        2.9,       19688.0,             398.9,           ,            4085.0, 11.383108935128519,  9.057527539779683,     3.7037037037037033, 50.85008          ,              90.5,       98.85,       89.78,                   1.7, 10.5662407902908  ,  7.63558797191263,   11.8310485132758 , Wyre
E07000129,              780.0,         60.82,                        2.7,       18205.0,             492.9,           ,            4170.0, 11.510791366906476,  8.273381294964029,     4.444444444444445 , 45.17906          ,              90.0,      100.0 ,       99.99,                   0.8, 10.4117854473616  ,  8.04140078554504,   12.9351718866259 , Blaby
E07000130,              649.0,         64.45,                        2.9,       18603.0,             478.5,           ,            7170.0, 10.808926080892608, 10.181311018131103,     5.228758169934641 ,                   ,              84.4,       99.88,       99.0 ,                   0.8,  9.34329085121436 ,  7.4688507081224 ,   10.2533554333352 , Charnwood
E07000131,              158.0,         60.13,                        2.3,       24593.0,             496.9,           ,            5255.0, 13.13035204567079 ,  8.182683158896289,     6.0               ,                   ,              78.6,       99.77,       85.43,                   2.9, 12.4949998350322  ,  8.43319345382178,   17.719082787848  , Harborough
E07000132,              379.0,         60.43,                        3.0,       19356.0,             456.5,           ,            4980.0, 14.257028112449799,  8.734939759036145,     4.395604395604396 , 49.17647          ,              78.3,      100.0 ,       97.91,                   1.2, 10.2203582934796  ,  7.61222946669843,   12.56346501852   , Hinckley and Bosworth
E07000133,              107.0,         59.75,                        3.6,       21009.0,             358.6,           ,            2330.0,  9.2274678111588  ,  9.871244635193133,     4.651162790697675 , 51.891890000000004,              77.4,       99.98,       88.27,                   3.1, 12.6410361338587  ,  8.61754889703216,   12.724846342414  , Melton
E07000134,              367.0,         61.95,                        3.3,       19268.0,             464.4,           ,            4465.0, 11.198208286674133,  9.40649496080627 ,     3.5398230088495577, 46.99454          ,              85.5,      100.0 ,       96.77,                   1.6,  9.82523815646938 ,  7.47171698703625,   11.5968166552652 , North West Leicestershire
E07000135,             2456.0,         60.44,                        2.8,       18172.0,             460.0,           ,            2220.0, 11.936936936936938,  9.684684684684685,     5.0               , 53.7037           ,              98.4,      100.0 ,      100.0 ,                   0.2,  9.33931781761858 ,  7.45260636367516,   11.695886219449  , Oadby and Wigston
E07000136,              193.0,         61.0 ,                        4.1,       17035.0,             389.2,           ,            2170.0, 13.13364055299539 , 10.368663594470046,     3.8461538461538463, 48.75445          ,              77.6,      100.0 ,       98.79,                   4.4, 11.7929133256693  ,  8.23247166057827,   14.8207336237385 , Boston
E07000137,               80.0,         54.97,                        4.3,       18362.0,             385.7,           ,            4675.0,  8.983957219251337,  8.663101604278074,     3.669724770642202 , 47.29064          ,              59.9,       99.9 ,       87.93,                   8.7, 17.2586980012695  , 10.2597551877117 ,   18.6289952273285 , East Lindsey
E07000138,             2903.0,         69.2 ,                        5.5,       14989.0,             411.2,           ,            2805.0, 11.942959001782532, 10.338680926916222,     3.9473684210526314, 53.2646           ,              91.8,      100.0 ,      100.0 ,                   0.7,  8.42000689462501 ,  7.20913721536084,    9.34425878431198, Lincoln
E07000139,              126.0,         59.32,                        2.9,       18942.0,             455.3,           ,            3835.0,  9.908735332464145,  9.126466753585397,     3.9473684210526314, 51.41243          ,              81.5,      100.0 ,       94.42,                   3.5, 14.6592654289451  ,  9.40751735612795,   16.837904444788  , North Kesteven
E07000140,              125.0,         59.04,                        3.3,       17447.0,             449.1,           ,            3815.0, 12.319790301441676, 10.747051114023591,     3.125             , 52.74725          ,              73.5,      100.0 ,       87.44,                   6.2, 15.9096480711967  ,  9.85750823205624,   20.0583949947264 , South Holland
E07000141,              151.0,         59.29,                        3.4,       21262.0,             431.1,           ,            5945.0, 10.344827586206897,  9.419680403700589,     3.571428571428571 , 51.43312          ,              80.2,      100.0 ,       92.19,                   4.0, 12.8044468666906  ,  8.57358184228842,   13.8991980236392 , South Kesteven
E07000142,               81.0,         57.97,                        3.8,       19099.0,             470.9,           ,            3380.0,  9.319526627218936,  9.467455621301776,     3.125             , 49.024390000000004,              65.4,       99.95,       93.68,                   8.8, 15.544470464977   ,  9.49702724142537,   16.7428746080478 , West Lindsey
E07000143,              107.0,         58.22,                        2.9,       18397.0,             443.2,           ,            4710.0,  9.341825902335456,  9.447983014861997,     5.769230769230769 , 55.67652          ,              65.0,       99.99,       69.02,                   4.3, 14.8025344447298  ,  9.41199685988686,   20.8588267076643 , Breckland
E07000144,              235.0,         57.82,                        2.0,       20833.0,             435.3,           ,            4790.0,  8.663883089770355,  8.872651356993737,     3.0303030303030303, 52.13358          ,              73.1,      100.0 ,       86.89,                   2.5, 12.6882640620636  ,  8.83743045825678,   15.407820642395  , Broadland
E07000145,              576.0,         58.78,                        5.6,       16102.0,             373.8,           ,            3020.0, 10.927152317880795, 10.76158940397351 ,     4.225352112676056 , 53.761469999999996,              83.5,      100.0 ,       99.72,                   1.0, 12.8674327409554  ,  8.51515358732474,   11.5444354598936 , Great Yarmouth
E07000146,              107.0,         57.54,                        3.3,       18619.0,             431.3,           ,            5175.0,  9.27536231884058 ,  8.985507246376812,     2.6785714285714284, 55.056180000000005,              61.3,      100.0 ,       80.07,                   3.9, 18.5645738740793  , 10.5621118312891 ,   19.7678251405783 , King's Lynn and West Norfolk
E07000147,              106.0,         52.93,                        2.6,       21245.0,             393.4,           ,            3890.0,  7.326478149100257,  8.997429305912597,     2.1505376344086025, 51.980979999999995,              49.1,       99.98,       79.47,                   4.5, 16.1419168469124  ,  9.91870041283812,   20.0221214327975 , North Norfolk
E07000148,             3675.0,         68.56,                        4.4,       16578.0,             418.3,           ,            5130.0, 12.670565302144249, 10.1364522417154  ,     4.081632653061225 , 46.52278          ,              88.8,      100.0 ,      100.0 ,                   0.5,  8.93139347879685 ,  7.42772552813424,   10.1880020378934 , Norwich
E07000149,              152.0,         58.09,                        2.3,       20909.0,             490.1,           ,            5500.0,  9.272727272727273,  9.363636363636365,     4.166666666666666 , 54.723130000000005,              68.0,      100.0 ,       92.76,                   3.8, 14.1533681363455  ,  9.22560312545249,   17.4598071420971 , South Norfolk
E07000150,                   ,              ,                           ,              ,                  ,           ,            3255.0, 17.81874039938556 , 10.75268817204301 ,     6.779661016949152 ,                   ,                  ,            ,            ,                      , 10.4706539773082  ,  7.90724256394123,   13.196988003234  , 
E07000151,                   ,              ,                           ,              ,                  ,           ,            4610.0,  9.97830802603037 ,  9.544468546637743,     3.7037037037037033,                   ,                  ,            ,            ,                      , 12.9103828588944  ,  8.50762225929955,   17.4458379698585 , 
E07000152,                   ,              ,                           ,              ,                  ,           ,            4020.0, 12.437810945273633, 10.074626865671641,     5.0               ,                   ,                  ,            ,            ,                      ,  9.85899433062612 ,  7.54749407309167,   13.6311852334149 , 
E07000153,                   ,              ,                           ,              ,                  ,           ,            4360.0, 20.527522935779814,  9.63302752293578 ,     2.1739130434782608,                   ,                  ,            ,            ,                      , 10.0343281439302  ,  7.58926716175894,   11.4393745111331 , 
E07000154,                   ,              ,                           ,              ,                  ,           ,           10890.0, 17.860422405876953, 11.248852157943066,     5.9405940594059405,                   ,                  ,            ,            ,                      ,  8.60575744466519 ,  7.15040050613068,    9.31757291025858, 
E07000155,                   ,              ,                           ,              ,                  ,           ,            5495.0,  9.918107370336669, 13.011828935395814,     5.747126436781609 ,                   ,                  ,            ,            ,                      , 12.3469348697581  ,  8.55946965360811,   17.7533295865148 , 
E07000156,                   ,              ,                           ,              ,                  ,           ,            7950.0, 11.823899371069183,  9.937106918238994,     4.761904761904762 ,                   ,                  ,            ,            ,                      ,  9.24636527935317 ,  7.35724160310578,    9.69125420295801, 
E07000163,                   ,              ,                           ,              ,                  ,           ,            2920.0,  7.363013698630137,  7.705479452054795,     5.714285714285714 ,                   ,                  ,            ,            ,                      , 13.7760259257733  ,  8.86747776873534,   16.8090218383167 , 
E07000164,                   ,              ,                           ,              ,                  ,           ,            4285.0,  8.168028004667445,  8.518086347724621,     3.125             ,                   ,                  ,            ,            ,                      , 15.5188202831653  ,  9.69547798913831,   22.9093523531213 , 
E07000165,                   ,              ,                           ,              ,                  ,           ,            8750.0,  9.142857142857142,  9.257142857142856,     5.056179775280898 ,                   ,                  ,            ,            ,                      , 11.8753406615596  ,  8.35826776386248,   16.5523444000506 , 
E07000166,                   ,              ,                           ,              ,                  ,           ,            2165.0,  9.699769053117784,  9.006928406466514,     4.0               ,                   ,                  ,            ,            ,                      , 15.2648603164862  ,  9.47729754532945,   18.3833855327399 , 
E07000167,                   ,              ,                           ,              ,                  ,           ,            2780.0,  8.992805755395683,  8.093525179856115,     2.9850746268656714,                   ,                  ,            ,            ,                      , 16.4491042873418  ,  9.70514823317106,   26.9415799666942 , 
E07000168,                   ,              ,                           ,              ,                  ,           ,            3765.0,  8.764940239043826,  7.436918990703852,     3.9603960396039604,                   ,                  ,            ,            ,                      , 11.4342789231214  ,  8.12344889762555,   13.8607818214618 , 
E07000169,                   ,              ,                           ,              ,                  ,           ,            3640.0, 10.43956043956044 ,  9.203296703296704,     3.0303030303030303,                   ,                  ,            ,            ,                      , 14.429017777183   ,  9.08142116391216,   16.7516222143458 , 
E07000170,             1155.0,         61.81,                        3.3,       15803.0,             437.5,           ,            3315.0, 11.91553544494721 , 11.312217194570136,     3.6585365853658534,                   ,              94.7,      100.0 ,       99.33,                   0.7, 10.0115849092853  ,  7.692325950966  ,   11.5415086119142 , Ashfield
E07000171,              183.0,         60.59,                        3.5,       18319.0,             430.4,           ,            3990.0, 10.275689223057643,  9.899749373433583,     5.747126436781609 , 56.082469999999994,              75.8,      100.0 ,       94.06,                   2.7, 11.4872966525033  ,  8.05575299046668,   11.8930432302486 , Bassetlaw
E07000172,             1389.0,         61.59,                        3.7,       18041.0,             500.4,           ,            3570.0, 10.364145658263306,  9.803921568627452,     5.633802816901409 , 55.86854          ,              95.6,      100.0 ,      100.0 ,                   0.4,  8.82953504679492 ,  7.16467591086262,    9.94975026109339, Broxtowe
E07000173,              976.0,         60.77,                        3.6,       18870.0,             454.2,           ,            3745.0, 10.14686248331108 ,  9.479305740987984,     3.278688524590164 , 55.94262          ,              93.1,      100.0 ,       99.86,                   0.9, 10.4898897258298  ,  7.91728511750928,   12.8849064516376 , Gedling
E07000174,             1437.0,         62.43,                        4.0,       16330.0,             383.5,           ,            3120.0, 13.141025641025642, 10.576923076923077,     2.7777777777777777,                   ,              95.7,       99.99,       98.59,                   0.5,  9.08152368004124 ,  7.26307615096124,   11.0241867600663 , Mansfield
E07000175,              187.0,         60.52,                        4.1,       20102.0,             421.0,           ,            4830.0,  9.627329192546584,  9.834368530020704,     4.166666666666666 ,                   ,              81.9,      100.0 ,       90.6 ,                   2.1, 11.6714442579019  ,  8.22988428330429,   13.8981345394236 , Newark and Sherwood
E07000176,              285.0,         60.34,                        2.4,       23513.0,             552.4,           ,            5625.0, 10.933333333333334,  9.511111111111111,     5.617977528089887 , 60.58559          ,              80.0,      100.0 ,       99.38,                   1.7,  9.38600786414923 ,  7.32761549002456,   10.5227509389578 , Rushcliffe
E07000177,              266.0,         63.59,                        2.2,       22951.0,             498.3,           ,            7055.0, 10.630758327427356,  9.071580439404677,     6.369426751592357 , 61.93265          ,              86.4,      100.0 ,       95.29,                   2.0, 10.4726314949063  ,  7.92494161034316,   14.0281227739957 , Cherwell
E07000178,             3526.0,         72.15,                        2.9,       21516.0,             498.3,           ,            5355.0, 11.11111111111111 ,  8.309990662931838,     5.063291139240507 , 57.27483          ,              76.1,      100.0 ,      100.0 ,                   1.1,  8.49619108730681 ,  7.21177833883158,    9.6964349203523 , Oxford
E07000179,              214.0,         60.97,                        2.1,       29327.0,             615.3,           ,            8700.0, 10.344827586206897,  8.85057471264368 ,     4.761904761904762 , 58.128080000000004,              79.9,       99.94,       87.23,                   1.7, 11.3700937227523  ,  8.00799142093356,   15.4629368101459 , South Oxfordshire
E07000180,              234.0,         61.11,                        2.6,       25155.0,             566.0,           ,            6130.0, 10.277324632952691,  8.401305057096248,     5.511811023622047 , 55.818180000000005,              85.1,      100.0 ,       89.07,                   1.6, 10.5060967207078  ,  7.7250094200895 ,   12.8494780605133 , Vale of White Horse
E07000181,              156.0,         60.53,                        2.0,       26923.0,             484.9,           ,            5755.0,  8.42745438748914 ,  8.51433536055604 ,     4.424778761061947 , 64.14343000000001 ,              91.7,       99.85,       92.17,                   0.6, 12.0290129789766  ,  8.43352501670769,   13.8486152419836 , West Oxfordshire
E07000187,                   ,              ,                           ,              ,                  ,           ,            5370.0,  8.286778398510242,  8.752327746741155,     4.62962962962963  ,                   ,                  ,            ,            ,                      , 10.9590699641638  ,  7.86932030377883,   13.1333195270893 , 
E07000188,                   ,              ,                           ,              ,                  ,           ,            4610.0, 10.195227765726681,  9.652928416485901,     4.25531914893617  ,                   ,                  ,            ,            ,                      , 12.2907628844029  ,  8.37083575668577,   14.0513897843674 , 
E07000189,                   ,              ,                           ,              ,                  ,           ,            6480.0,  9.1820987654321  , 10.030864197530864,     4.285714285714286 ,                   ,                  ,            ,            ,                      , 12.4065032076683  ,  8.39242288944018,   15.6390771921837 , 
E07000190,                   ,              ,                           ,              ,                  ,           ,                  ,                   ,                   ,                       ,                   ,                  ,            ,            ,                      , 11.1133659462514  ,  8.20291522460057,   13.078419530744  , 
E07000191,                   ,              ,                           ,              ,                  ,           ,                  ,                   ,                   ,                       ,                   ,                  ,            ,            ,                      , 17.4944842548208  , 10.5247176089359 ,   24.2966089288692 , 
E07000192,             1255.0,         62.73,                        2.7,       16983.0,             449.4,           ,            3730.0, 10.455764075067025,  9.517426273458444,     3.8461538461538463, 56.74419          ,              96.1,      100.0 ,       96.17,                   0.6, 10.0198884949994  ,  7.63977654813394,   12.5851774064144 , Cannock Chase
E07000193,              315.0,         62.39,                        2.7,       18656.0,             451.6,           ,            4710.0, 11.040339702760086,  8.9171974522293  ,     4.081632653061225 , 50.11655          ,              78.8,       99.81,       96.09,                   2.3, 10.7235638884774  ,  7.95926203100661,   12.8855383639323 , East Staffordshire
E07000194,              314.0,         59.07,                        2.9,       23035.0,             522.6,           ,            4940.0,  9.109311740890687, 10.323886639676113,     5.825242718446602 , 52.23881          ,              81.3,      100.0 ,       98.98,                   2.8, 10.0522802803528  ,  7.53890782577293,   12.9763623914526 , Lichfield
E07000195,              593.0,         62.39,                        3.3,       17388.0,             445.4,           ,            3700.0, 10.54054054054054 , 10.405405405405405,     2.4096385542168677, 52.814569999999996,              83.0,       99.88,       84.16,                   1.5, 10.8570064469687  ,  7.83443228932851,   13.4097652386454 , Newcastle-under-Lyme
E07000196,              271.0,         59.81,                        2.8,       20936.0,             502.2,           ,            4710.0,  7.749469214437367,  7.643312101910828,     3.9473684210526314, 58.16514          ,              81.9,      100.0 ,       98.59,                   4.4, 11.5948171083396  ,  8.27609668663662,   15.0647386412302 , South Staffordshire
E07000197,              226.0,         60.28,                        3.0,       20510.0,             508.3,           ,            5195.0, 10.779595765158806,  9.720885466794996,     3.7383177570093453, 50.47022          ,              82.4,       99.93,       91.14,                   4.2, 11.6264107756158  ,  8.65726226817875,   16.3166719798872 , Stafford
E07000198,              167.0,         58.43,                        3.0,       19094.0,             476.5,           ,            3485.0,  8.895265423242469,  8.464849354375897,     4.761904761904762 , 47.5              ,              71.1,       98.1 ,       85.67,                   6.5, 12.7202878142786  ,  8.7219988064788 ,   16.2745724770366 , Staffordshire Moorlands
E07000199,             2519.0,         62.21,                        3.6,       16977.0,             476.3,           ,            2565.0,  9.941520467836257,  9.941520467836257,     4.761904761904762 , 52.18855          ,              93.4,      100.0 ,      100.0 ,                   0.3,  9.34587589632455 ,  7.59437384417623,   11.1855939603957 , Tamworth
E07000200,              153.0,         56.96,                        3.2,       21977.0,             478.5,           ,            4045.0,  8.65265760197775 ,  8.405438813349814,     4.761904761904762 , 60.36216999999999 ,              71.8,       99.97,       89.94,                   2.3, 14.4167764955219  ,  9.37901643081378,   16.8595148377832 , Babergh
E07000201,                   ,              ,                           ,              ,                  ,           ,                  ,                   ,                   ,                       ,                   ,                  ,            ,            ,                      , 12.8219463891887  ,  8.58929498964612,   14.0976746510033 , 
E07000202,             3565.0,         63.62,                        4.9,       17352.0,             436.9,           ,            4595.0, 12.948857453754082, 10.44613710554951 ,     2.7777777777777777, 54.66418          ,              96.2,      100.0 ,      100.0 ,                   0.3,  8.12681749171299 ,  6.85352489622175,    8.83337113860299, Ipswich
E07000203,              116.0,         58.64,                        2.5,       21010.0,             476.2,           ,            4435.0,  9.357384441939121,  8.229988726042842,     3.296703296703297 , 61.85185          ,              57.5,      100.0 ,       76.92,                   3.5, 14.1452445103509  ,  9.24621096236558,   18.79943621015   , Mid Suffolk
E07000204,                   ,              ,                           ,              ,                  ,           ,                  ,                   ,                   ,                       ,                   ,                  ,            ,            ,                      , 12.2811735533996  ,  8.4756102862249 ,   13.1052028508961 , 
E07000205,                   ,              ,                           ,              ,                  ,           ,                  ,                   ,                   ,                       ,                   ,                  ,            ,            ,                      , 12.3185012798348  ,  8.54609145413137,   16.2829998378776 , 
E07000206,                   ,              ,                           ,              ,                  ,           ,                  ,                   ,                   ,                       ,                   ,                  ,            ,            ,                      , 10.2900176342594  ,  7.59609814019423,   11.4819732129115 , 
E07000207,             1442.0,         60.16,                        2.3,       40828.0,             680.9,           ,            9980.0, 11.022044088176353, 10.521042084168336,     2.9850746268656714,                   ,              84.7,      100.0 ,       99.96,                   0.8,  8.26554096577513 ,  7.02274673570346,    9.30657568891631, Elmbridge
E07000208,             2367.0,         61.89,                        2.3,       27566.0,             599.5,           ,            4220.0, 11.492890995260662, 10.308056872037914,     3.9215686274509802,                   ,              95.5,      100.0 ,      100.0 ,                   0.2,  8.67266993068606 ,  7.64198772635363,    9.81111275274924, Epsom and Ewell
E07000209,              525.0,         65.27,                        1.8,       30507.0,             631.1,           ,            8030.0, 10.211706102117061,  9.464508094645081,     5.263157894736842 ,                   ,              79.4,       99.72,       78.01,                   1.8, 10.3455677432259  ,  8.12418440624487,   12.7351545986265 , Guildford
E07000210,              336.0,         59.02,                        1.9,       33205.0,             479.1,           ,            5755.0,  9.035621198957429,  8.861859252823631,     4.081632653061225 ,                   ,              77.4,       99.21,       67.41,                   2.6, 11.0623834376512  ,  8.06479251787885,   14.018036120485  , Mole Valley
E07000211,             1154.0,         61.96,                        2.2,       28174.0,             610.0,           ,            7975.0, 11.15987460815047 , 10.094043887147336,     3.2520325203252036,                   ,              87.2,      100.0 ,       99.98,                   1.5,  9.15719153289727 ,  7.46632042591342,   10.7510801581071 , Reigate and Banstead
E07000212,             1111.0,         65.28,                        2.2,       26765.0,             583.4,           ,            4805.0, 11.238293444328825,  9.261186264308012,     5.555555555555555 ,                   ,              84.3,      100.0 ,       98.17,                   2.0,  8.41247388882933 ,  6.9245060410392 ,    9.18555496210817, Runnymede
E07000213,             2273.0,         62.92,                        2.5,       24879.0,             557.2,           ,            5190.0, 11.753371868978805,  9.730250481695569,     4.285714285714286 ,                   ,              91.6,      100.0 ,      100.0 ,                   2.0,  8.84145116334519 ,  7.53152409159084,   10.5713626657489 , Spelthorne
E07000214,              952.0,         62.16,                        2.1,       28922.0,             638.2,           ,            5075.0,  9.655172413793103,  9.753694581280788,     5.555555555555555 , 56.818180000000005,              86.7,      100.0 ,       96.38,                   1.0, 10.1246574881446  ,  7.79295257323433,   11.7399215893611 , Surrey Heath
E07000215,              350.0,         59.58,                        2.3,       30057.0,             546.0,           ,            5400.0,  9.907407407407408,  9.25925925925926 ,     3.8461538461538463,                   ,              69.3,      100.0 ,       91.56,                   4.0,  9.77680938666817 ,  7.49807083015663,   11.3217166625836 , Tandridge
E07000216,              364.0,         58.73,                        1.8,       33003.0,             589.3,           ,            8405.0,  8.804283164782866,  9.458655562165378,     4.444444444444445 ,                   ,              69.2,       99.86,       79.75,                   3.2,  9.94887244686827 ,  7.57887645020908,   12.0836605386746 , Waverley
E07000217,             1642.0,         63.12,                        2.1,       28052.0,             575.4,           ,            5705.0, 12.883435582822086, 10.517090271691497,     5.154639175257731 ,                   ,              90.6,      100.0 ,       96.22,                   1.6,  8.59932571539096 ,  7.21923412425363,    9.5797431850377 , Woking
E07000218,              226.0,         60.9 ,                        3.1,       18488.0,             512.1,           ,            2870.0, 10.452961672473867,  9.233449477351916,     7.352941176470589 , 50.18051          ,              68.5,      100.0 ,       99.43,                   2.0, 13.8887593767087  ,  9.33822595883228,   17.0079901920347 , North Warwickshire
E07000219,             1685.0,         61.84,                        3.9,       16706.0,             443.1,           ,            4260.0, 13.262910798122066, 11.384976525821596,     3.75              , 52.60323          ,              93.2,      100.0 ,      100.0 ,                   0.6, 10.2470490149333  ,  7.88566436830712,   12.0549535340809 , Nuneaton and Bedworth
E07000220,              316.0,         62.08,                        3.6,       19636.0,             492.3,           ,            5445.0, 12.580348943985308, 10.560146923783286,     3.7037037037037033, 50.35461          ,              90.8,      100.0 ,       99.29,                   1.3, 10.6580470590085  ,  7.85945837658385,   12.9023955224615 , Rugby
E07000221,              133.0,         58.15,                        2.3,       27110.0,             498.2,           ,            8240.0,  8.434466019417476,  8.070388349514564,     5.0               , 52.33645          ,              83.6,       99.99,       94.22,                   1.9, 11.4432175532928  ,  8.04749699542498,   14.7141564898471 , Stratford-on-Avon
E07000222,              516.0,         64.01,                        2.7,       25639.0,             549.7,           ,            8330.0, 11.28451380552221 , 11.224489795918368,     3.75              , 56.22837          ,              82.8,      100.0 ,       99.45,                   0.7,  9.28476839237235 ,  7.35305264097158,   10.8087295413629 , Warwick
E07000223,             1535.0,         58.45,                        3.0,       19600.0,             462.2,           ,            2530.0,  9.486166007905137,  9.881422924901186,     6.521739130434782 , 54.01235          ,              95.3,       99.72,       99.05,                   0.8,  8.71407909801341 ,  7.4106974218277 ,   10.105200178751  , Adur
E07000224,              739.0,         56.13,                        3.3,       21144.0,             407.5,           ,            5875.0, 10.553191489361701,  9.191489361702128,     3.8095238095238098, 54.938269999999996,              74.1,       99.42,       91.39,                   1.6,  9.06527879180502 ,  7.18656893218699,   10.3802804169098 , Arun
E07000225,              156.0,         57.16,                        2.6,       26561.0,             468.0,           ,            6745.0,  8.895478131949593,  8.524833209785026,     3.2               , 55.240790000000004,              65.1,       99.68,       76.62,                   4.7, 10.6940210262916  ,  7.69747625728523,   12.5817159789588 , Chichester
E07000226,             2606.0,         65.82,                        3.5,       19480.0,             500.3,           ,            3895.0, 12.836970474967908, 10.526315789473683,     6.593406593406594 , 54.6875           ,              90.6,      100.0 ,      100.0 ,                   1.2,  9.89964507882269 ,  7.81994315938626,   11.6296163603593 , Crawley
E07000227,              270.0,         59.36,                        2.2,       27509.0,             485.6,           ,            7845.0,  9.177820267686425,  8.667941363926067,     3.6764705882352944, 59.097319999999996,              74.7,       99.89,       89.1 ,                   3.3, 10.2435205297604  ,  7.65991470559957,   13.0540104614973 , Horsham
E07000228,              449.0,         60.16,                        1.9,       26268.0,             516.9,           ,            7870.0,  9.974587039390089,  9.40279542566709 ,     4.225352112676056 ,                   ,              80.4,       99.3 ,       71.98,                   1.9,  9.83855556721508 ,  7.5665940446314 ,   11.5247831039435 , Mid Sussex
E07000229,             3411.0,         60.31,                        3.1,       21093.0,             469.1,           ,            4190.0, 10.381861575178998, 10.381861575178998,     5.0               , 54.14258          ,              97.3,      100.0 ,       99.94,                   0.3,  7.58398589632922 ,  6.62478099686859,    7.49473721769819, Worthing
E07000234,              453.0,         59.05,                        3.5,       23784.0,             522.6,           ,           11335.0, 44.41993824437583 , 16.93868548742832 ,     4.25531914893617  , 59.649119999999996,              84.0,      100.0 ,       99.44,                   1.7, 10.5094178299154  ,  7.93247007705297,   13.3541461885728 , Bromsgrove
E07000235,              135.0,         55.99,                        2.8,       23808.0,             406.4,           ,            3960.0,  8.080808080808081,  8.207070707070708,     2.73972602739726  , 59.71564          ,              71.0,       99.89,       75.54,                   4.5, 13.0434385900189  ,  8.57834205029084,   17.5207551133006 , Malvern Hills
E07000236,             1591.0,         62.15,                        3.5,       18507.0,             425.5,           ,            3705.0, 23.21187584345479 , 10.256410256410255,     4.166666666666666 , 55.79515          ,              90.6,      100.0 ,      100.0 ,                   0.7,  9.16902580165344 ,  7.52890921041266,   10.0667960714197 , Redditch
E07000237,             3153.0,         64.96,                        3.7,       17328.0,             468.6,           ,            3455.0, 12.735166425470332, 10.5643994211288  ,     6.666666666666667 , 58.52535          ,              92.8,      100.0 ,      100.0 ,                   0.3,  8.13174429554503 ,  6.91716551222072,    8.21016655815279, Worcester
E07000238,              194.0,         58.58,                        2.8,       23195.0,             457.1,           ,            6865.0, 16.314639475600874,  8.667152221412964,     4.0650406504065035, 57.71513          ,              77.9,       99.98,       96.37,                   3.1, 12.2068274810943  ,  8.3293764053899 ,   14.1939855401862 , Wychavon
E07000239,              520.0,         57.83,                        4.0,       18703.0,             417.6,           ,            4905.0, 19.77573904179409 ,  7.135575942915392,     4.166666666666666 , 59.888059999999996,              87.0,       99.75,       83.98,                   1.5,  9.47261293254878 ,  7.57737641635725,   11.1348449606452 , Wyre Forest
E07000240,              918.0,         61.04,                        3.0,       32197.0,             635.7,           ,           10365.0, 15.050651230101304,  9.599614085865895,     5.769230769230769 , 58.83495          ,              93.3,      100.0 ,       99.62,                   1.2,                   ,                  ,                    , St Albans
E07000241,              920.0,         65.58,                        3.2,       23308.0,             504.5,           ,            5890.0, 12.818336162988114, 10.0169779286927  ,     2.9702970297029703, 58.221019999999996,              86.3,      100.0 ,       99.89,                   2.1,                   ,                  ,                    , Welwyn Hatfield
E07000242,              310.0,         62.61,                        2.3,       28262.0,             601.6,           ,           10790.0,  8.526413345690456, 16.96014828544949 ,     3.79746835443038  , 62.477880000000006,              82.7,       99.98,       95.02,                   2.5,                   ,                  ,                    , East Hertfordshire
E07000243,             3448.0,         64.55,                        3.1,       19100.0,             458.7,           ,            3460.0, 14.595375722543352, 11.416184971098266,     4.6875            , 54.45545          ,              91.8,      100.0 ,      100.0 ,                   0.7,                   ,                  ,                    , Stevenage
E07000244,              194.0,         56.19,                        3.1,       20196.0,                  ,           ,            9410.0,  9.351753453772583,  8.71413390010627 ,     4.040404040404041 , 56.298930000000006,              82.1,       99.99,       62.93,                   2.2,                   ,                  ,                    , East Suffolk
E07000245,              174.0,         60.99,                        2.5,       19775.0,                  ,           ,            7275.0, 10.240549828178693,  9.553264604810996,     4.142011834319527 , 58.95884          ,              75.6,       99.93,       76.55,                   1.7,                   ,                  ,                    , West Suffolk
E07000246,                   ,              ,                           ,              ,                  ,           ,            6360.0, 12.735849056603774,  8.09748427672956 ,     3.125             ,                   ,                  ,            ,            ,                      ,                   ,                  ,                    , 
E08000001,             2110.0,         61.31,                        5.8,       16288.0,             430.9,           ,           12025.0, 15.550935550935552, 14.96881496881497 ,     4.621848739495799 , 56.013459999999995,              94.4,      100.0 ,       99.79,                   0.7,  8.9705367987513  ,  7.25597176508101,   10.0680212402635 , Bolton
E08000002,             1948.0,         61.4 ,                        4.4,       18615.0,             498.9,           ,           10010.0, 10.88911088911089 , 19.58041958041958 ,     3.225806451612903 , 57.3494           ,              92.9,      100.0 ,       99.54,                   0.6,  8.65899052030328 ,  7.12554592175408,    9.45218744610504, Bury
E08000003,             4721.0,         69.59,                        5.8,       15768.0,             442.8,           ,           26410.0, 16.584627035213934, 13.536539189700871,     5.719237435008666 , 53.280840000000005,              89.6,      100.0 ,      100.0 ,                   1.8,  7.78894472700652 ,  6.72287531913528,    7.96739592175027, Manchester
E08000004,             1701.0,         61.18,                        4.5,       15237.0,             431.2,           ,            7565.0, 15.135492399206873, 11.103767349636485,     3.932584269662921 , 52.804230000000004,              97.0,       99.11,       91.86,                   0.5,  8.52429269733068 ,  6.97955435413818,    9.12034864381478, Oldham
E08000005,             1404.0,         61.76,                        5.6,       15663.0,             427.0,           ,            7415.0, 12.6770060687795  , 11.800404585300067,     3.7037037037037033, 57.14286          ,              88.5,       99.99,       99.08,                   1.1,  8.9109328505122  ,  7.27671111140586,    9.51224487699645, Rochdale
E08000006,             2712.0,         66.54,                        4.6,       17329.0,             439.4,           ,           11425.0, 16.586433260393875, 13.654266958424508,     5.529953917050691 , 53.861999999999995,              93.8,      100.0 ,       99.95,                   2.1,  7.78278294781332 ,  6.79401342966611,    7.76564844982461, Salford
E08000007,             2326.0,         60.95,                        3.7,       21259.0,             510.6,           ,           12840.0, 11.7601246105919  ,  9.85202492211838 ,     4.564315352697095 , 54.86541999999999 ,              94.4,      100.0 ,       99.79,                   0.8,  9.02718547586365 ,  7.51856956460681,   10.3592097755769 , Stockport
E08000008,             2229.0,         62.51,                        4.1,       16200.0,             438.9,           ,            6850.0, 12.189781021897812, 10.802919708029197,     2.898550724637681 , 54.51713          ,              94.7,       99.74,       99.11,                   0.5,  8.8789846106797  ,  7.2936700663894 ,   10.0175128083367 , Tameside
E08000009,             2227.0,         61.77,                        3.7,       23828.0,             556.5,           ,           12775.0, 11.78082191780822 , 10.76320939334638 ,     5.098039215686274 , 54.7901           ,              93.3,      100.0 ,      100.0 ,                   0.9,  8.53104502831391 ,  7.13497474517023,    9.87887134804864, Trafford
E08000010,             1735.0,         62.19,                        3.6,       16677.0,             452.2,           ,            9890.0, 13.144590495449949, 10.313447927199192,     4.545454545454546 , 52.614380000000004,              95.9,      100.0 ,      100.0 ,                   0.6,  9.24418479265513 ,  7.51040444980726,   10.7011683015886 , Wigan
E08000011,             1755.0,         63.39,                        3.8,       16616.0,             429.2,           ,            3930.0, 17.68447837150127 , 11.577608142493638,     4.3478260869565215, 49.09091          ,              94.9,      100.0 ,      100.0 ,                   0.9, 10.2162112867003  ,  7.94037715211286,   13.090486483372  , Knowsley
E08000012,             4334.0,         67.51,                        4.8,       15996.0,             452.0,           ,           17080.0, 16.949648711943794, 12.997658079625293,     3.361344537815126 , 53.90497          ,              89.7,      100.0 ,      100.0 ,                   3.5,  8.07436597243327 ,  6.92440589856512,    8.81691153425563, Liverpool
E08000013,             1331.0,         61.25,                        4.3,       17146.0,             478.7,           ,            5270.0, 16.22390891840607 , 10.815939278937382,     4.310344827586207 , 52.93413          ,              94.9,      100.0 ,      100.0 ,                   1.4, 10.0292344144984  ,  7.6169031837922 ,   11.2510734571748 , St. Helens
E08000014,             1781.0,         59.95,                        3.4,       18499.0,             453.2,           ,            8735.0, 13.623354321694334, 11.3909559244419  ,     4.733727810650888 , 56.14035          ,              80.5,      100.0 ,       98.19,                   0.8,  8.65823678465592 ,  7.13080375594744,    9.79672674988549, Sefton
E08000015,             1993.0,         59.78,                        4.0,       18877.0,             465.3,           ,            9805.0, 12.850586435492096, 10.759816420193777,     4.615384615384616 , 53.12307          ,              95.1,      100.0 ,       99.81,                   0.4,  9.42066801506685 ,  7.42689987863397,   11.0092305909026 , Wirral
E08000016,              740.0,         62.27,                        4.7,       17092.0,             447.2,           ,            7065.0, 13.092710544939845, 11.040339702760086,     3.3112582781456954, 50.15907          ,              86.8,       99.67,       90.94,                   1.0,  9.74324236477491 ,  7.54446558030487,   11.2473359911485 , Barnsley (obsolete)
E08000017,              543.0,         62.16,                        5.3,       16819.0,             434.7,           ,           10290.0, 16.86103012633625 , 12.439261418853254,     3.763440860215054 , 52.28013          ,              95.4,      100.0 ,       98.5 ,                   0.8, 11.3350528581411  ,  8.21894614172442,   13.0445329808919 , Doncaster
E08000018,              928.0,         61.33,                        5.0,       16464.0,             417.8,           ,            8080.0, 14.170792079207919, 10.58168316831683 ,     4.046242774566474 , 50.142720000000004,              95.8,      100.0 ,       99.43,                   0.7, 10.5033020149349  ,  7.82729799199157,   12.3676675992008 , Rotherham
E08000019,             1512.0,         64.87,                        4.2,       16481.0,             449.4,           ,           17790.0, 12.338392355255762, 10.736368746486791,     3.7735849056603774,                   ,              93.3,       96.46,       88.11,                   2.1,  9.29799250529554 ,  7.51743400171882,   10.8541920189658 , Sheffield (obsolete)
E08000020,                   ,              ,                           ,              ,                  ,           ,                  ,                   ,                   ,                       ,                   ,                  ,            ,            ,                      , 10.895581724147   ,  8.07016519767218,   13.0940456539661 , 
E08000021,             2619.0,         67.87,                        6.1,       16820.0,             436.8,           ,            9235.0, 13.21061180292366 , 10.882512181916622,     5.46875           , 53.19716          ,              92.4,      100.0 ,       99.96,                   1.6,  7.78925220175274 ,  6.65650915450074,    7.6280148133291 , Newcastle upon Tyne
E08000022,             2514.0,         61.65,                        4.3,       17762.0,             460.0,           ,            5890.0, 13.3276740237691  , 11.03565365025467 ,     3.90625           , 50.871790000000004,              93.3,      100.0 ,      100.0 ,                   0.5,  8.800326294431   ,  7.16543494577841,    9.78214639243023, North Tyneside
E08000023,             2303.0,         61.6 ,                        7.5,       16120.0,             406.9,           ,            4035.0, 15.985130111524162, 12.143742255266417,     3.6585365853658534, 55.11596          ,              89.1,      100.0 ,       99.4 ,                   1.8,  9.06179079461753 ,  7.28578069460591,    9.89619325786375, South Tyneside
E08000024,             1997.0,         62.14,                        6.5,       15949.0,             413.7,           ,            6355.0, 13.375295043273013, 10.778914240755311,     3.821656050955414 , 51.69082          ,              92.9,      100.0 ,       99.99,                   1.5,  9.57761354643867 ,  7.58420336947475,   11.1011050304938 , Sunderland
E08000025,             4297.0,         64.13,                        8.2,       15205.0,             436.3,           ,           44045.0, 16.869111136337835, 12.47587694403451 ,     4.551201011378002 , 54.58851          ,              94.9,      100.0 ,      100.0 ,                   1.8,  8.32029274896652 ,  7.11774249826019,    9.44533470389621, Birmingham
E08000026,             3484.0,         65.34,                        4.6,       16361.0,             460.0,           ,           11405.0, 13.415168785620343, 11.70539237176677 ,     4.285714285714286 , 54.61979          ,              97.3,      100.0 ,      100.0 ,                   0.6,  9.00149133307371 ,  7.27226481705923,   10.622459329768  , Coventry
E08000027,             3288.0,         60.55,                        5.0,       16299.0,             473.1,           ,           10890.0, 12.901744719926539,  9.366391184573002,     4.081632653061225 , 58.54731999999999 ,              97.0,      100.0 ,      100.0 ,                   0.3,  9.11102872680775 ,  7.49794956877715,   10.9106967059132 , Dudley
E08000028,             3976.0,         62.91,                        5.5,       13930.0,             421.6,           ,           10260.0, 14.76608187134503 , 11.890838206627679,     2.066115702479339 , 52.48474          ,              96.1,      100.0 ,      100.0 ,                   0.1,  8.83196244737801 ,  7.25504453905957,   10.0267654485683 , Sandwell
E08000029,             1213.0,         59.64,                        4.1,       22734.0,             533.2,           ,            9005.0, 11.826762909494725, 10.494169905607995,     4.938271604938271 , 56.941430000000004,              94.9,      100.0 ,       99.97,                   1.3,  9.51123120437619 ,  7.64673922002344,   11.8115897737927 , Solihull
E08000030,             2736.0,         60.93,                        6.0,       15281.0,             436.2,           ,            8750.0, 13.37142857142857 , 11.257142857142858,     4.2105263157894735, 52.16191          ,              93.7,      100.0 ,       99.98,                   0.5,  9.1019785605919  ,  7.40665947479331,   10.5416630915774 , Walsall
E08000031,             3795.0,         62.49,                        6.7,       15272.0,             428.5,           ,            8515.0, 14.034057545507928, 12.68349970640047 ,     3.664921465968586 , 54.536590000000004,              98.1,      100.0 ,      100.0 ,                   0.5,  9.2339935071949  ,  7.56497584963635,   11.0131212489004 , Wolverhampton
E08000032,             1490.0,         61.78,                        6.4,       15053.0,             425.6,           ,           17630.0, 12.648893930799773, 10.181508791832105,     3.867403314917127 , 51.7134           ,              93.8,       99.93,       99.37,                   1.4,  9.30140552376252 ,  7.33175955575827,   10.5174219649312 , Bradford
E08000033,              571.0,         61.67,                        4.1,       17981.0,             455.0,           ,            9275.0, 11.10512129380054 , 10.727762803234501,     3.0303030303030303, 55.519130000000004,              77.5,       98.86,       82.37,                   3.1,  9.87517570048121 ,  7.62134374039514,   11.1848595915573 , Calderdale
E08000034,             1060.0,         62.14,                        4.1,       16977.0,             433.1,           ,           16260.0, 12.576875768757686,  9.317343173431734,     3.7142857142857144, 51.8399           ,              93.8,       99.56,       91.52,                   1.1,  9.27580117546707 ,  7.39216661213655,   10.6279026370812 , Kirklees
E08000035,             1458.0,         65.33,                        4.3,       18328.0,             465.4,           ,           32935.0, 11.811143160771216, 10.004554425383331,     5.678670360110803 , 54.89706999999999 ,              95.5,       99.99,       98.92,                   1.4,  9.15048787808425 ,  7.36260762762143,   10.1726579890503 , Leeds
E08000036,             1028.0,         62.43,                        4.3,       17401.0,             436.9,           ,           10535.0, 11.960132890365449, 10.061699098243949,     4.721030042918455 , 54.58276          ,              94.1,      100.0 ,       99.73,                   1.3, 10.0693247745217  ,  7.73560503700551,   11.5343794723108 , Wakefield
E08000037,             1394.0,         62.62,                        5.6,       16290.0,             429.0,           ,            6340.0, 11.829652996845425, 16.16719242902208 ,     5.714285714285714 , 51.059090000000005,              87.1,      100.0 ,       99.6 ,                   2.5,                   ,                  ,                    , Gateshead
E08000038,                   ,              ,                           ,              ,                  ,           ,            7065.0, 13.092710544939845, 11.040339702760086,     3.3112582781456954,                   ,              86.8,       99.67,       90.94,                   1.0,                   ,                  ,                    , 
E08000039,                   ,              ,                           ,              ,                  ,           ,           17790.0, 12.338392355255762, 10.736368746486791,     3.7735849056603774,                   ,              93.3,       96.46,       88.11,                   2.1,                   ,                  ,                    , 
E09000001,             3033.0,         78.73,                           ,      189922.0,                  ,           ,           26215.0, 13.446500095365248, 12.492847606332253,     7.7714285714285705,                   ,              82.7,      100.0 ,      100.0 ,                  11.6,  7.69353425418704 ,  6.99790154905694,    7.85183101725118, City of London
E09000002,             6062.0,         64.78,                        5.7,       17300.0,             471.0,           ,            8440.0, 19.01658767772512 , 13.033175355450238,     3.061224489795918 ,                   ,              95.3,      100.0 ,      100.0 ,                   0.7,  7.9328129334724  ,  7.0183836944814 ,    8.38106029663824, Barking and Dagenham
E09000003,             4502.0,         65.26,                        4.5,       30183.0,             536.4,           ,           27735.0, 15.2695150531819  , 10.672435550748153,     4.1522491349480966,                   ,              78.7,      100.0 ,      100.0 ,                   1.1,  7.61107963060159 ,  6.78891262324452,    7.52157496649399, Barnet
E09000004,             4072.0,         62.86,                        4.2,       22046.0,             553.4,           ,           10220.0, 15.068493150684931, 10.518590998043052,     3.731343283582089 ,                   ,              93.2,      100.0 ,      100.0 ,                   0.7,  8.68268421476938 ,  7.29576151522327,   10.3135612483122 , Bexley
E09000005,             8036.0,         69.24,                        4.7,       24060.0,             524.0,           ,           17980.0, 15.906562847608456, 11.29032258064516 ,     4.385964912280701 ,                   ,              85.9,      100.0 ,      100.0 ,                   1.5,  7.52613719894242 ,  6.87042639234219,    7.52448785634642, Brent
E09000006,             2206.0,         62.56,                        3.0,       27961.0,             638.3,           ,           17335.0, 11.970002884338045, 11.248918373233343,     4.901960784313726 ,                   ,              92.3,       99.95,       99.22,                   1.3,  8.47464211401751 ,  7.22188194511994,    9.78143807484479, Bromley
E09000007,             9970.0,         72.66,                        4.5,       53723.0,             662.0,           ,           36835.0, 14.551377765711958, 10.818514999321298,     5.59254327563249  ,                   ,              95.0,      100.0 ,      100.0 ,                   1.1,  6.92211795842402 ,  6.65734088097399,    5.73005338596238, Camden
E09000008,             4518.0,         65.54,                        5.3,       23044.0,             561.7,           ,           17145.0, 13.648293963254593, 11.723534558180228,     3.827751196172249 , 56.34058          ,              88.0,      100.0 ,       99.94,                   3.0,  8.58354878107137 ,  7.34478226220853,    9.92424065940626, Croydon
E09000009,             6613.0,         68.05,                        5.4,       25448.0,             532.2,           ,           20355.0, 13.657577990665684, 10.783591255219847,     3.8314176245210727,                   ,              90.8,      100.0 ,      100.0 ,                   0.6,  7.88750546139852 ,  7.11600073269119,    8.30744560501529, Ealing
E09000010,             4148.0,         64.22,                        6.0,       22997.0,             490.1,           ,           15515.0, 15.855623590074122, 11.698356429262006,     3.0456852791878175,                   ,              90.7,      100.0 ,      100.0 ,                   1.0,  7.80993416750994 ,  6.81273547712703,    8.28715760223075, Enfield
E09000011,             6092.0,         68.62,                        4.8,       23590.0,             579.5,           ,           11865.0, 15.929203539823009, 12.3472397808681  ,     3.2               ,                   ,              89.1,      100.0 ,      100.0 ,                   0.4,  7.91426982289992 ,  6.94283466594142,    8.35239178200466, Greenwich
E09000012,            13958.0,         72.5 ,                        4.9,       27812.0,             574.9,           ,           25250.0, 17.524752475247524, 11.485148514851486,     7.4812967581047385, 59.872609999999995,              91.5,      100.0 ,      100.0 ,                   0.8,  6.62080138914545 ,  6.10769880179149,    4.80184615296035, Hackney
E09000013,            11497.0,         74.05,                        5.0,       41594.0,             728.0,           ,           14155.0, 13.140233133168492, 11.338749558459908,     5.813953488372093 ,                   ,              89.0,      100.0 ,      100.0 ,                   2.1,  6.73815700672546 ,  6.42762791144706,    5.11027337329839, Hammersmith and Fulham
E09000014,             9245.0,         71.44,                        4.1,       29532.0,             547.6,           ,           14525.0, 15.903614457831324, 11.944922547332187,     3.3557046979865772,                   ,              89.8,      100.0 ,      100.0 ,                   0.8,  7.52809972366082 ,  6.80490306292018,    7.46109658463334, Haringey
E09000015,             5193.0,         64.84,                        4.3,       26159.0,             581.9,           ,           17335.0, 13.815979232766079, 11.220074992789154,     3.508771929824561 ,                   ,              89.4,      100.0 ,      100.0 ,                   1.1,  7.90704014253218 ,  6.89825285985249,    8.6682004567687 , Harrow
E09000016,             2326.0,         62.27,                        4.6,       22739.0,             568.5,           ,           11765.0, 16.829579260518486, 11.092222694432639,     3.896103896103896 ,                   ,              91.3,      100.0 ,      100.0 ,                   1.1,  8.62473978580056 ,  7.36820145220084,    9.98875487628642, Havering
E09000017,             2641.0,         65.5 ,                        4.0,       21853.0,             545.9,           ,           15530.0, 14.906632324533161, 10.33483580167418 ,     4.132231404958678 , 51.84697          ,              92.6,      100.0 ,      100.0 ,                   1.6,  8.27911702740405 ,  7.11952536223226,    9.22257398462836, Hillingdon
E09000018,             5176.0,         67.69,                        5.0,       24086.0,             547.6,           ,           15115.0, 14.786635792259345, 11.114786635792258,     5.092592592592593 ,                   ,              91.3,      100.0 ,      100.0 ,                   1.4,  7.71297683440534 ,  6.83201300794632,    7.40900914938377, Hounslow
E09000019,            14941.0,         75.83,                        4.8,       35706.0,             699.1,           ,           23840.0, 17.848154362416107, 11.283557046979865,     7.991803278688526 ,                   ,              94.7,      100.0 ,      100.0 ,                   1.9,  6.64380274942896 ,  6.20918867483065,    4.80426915924211, Islington
E09000020,            12107.0,         70.85,                        4.9,       88770.0,             763.7,           ,           15205.0, 12.791844787898718, 10.128247287076618,     4.745762711864407 ,                   ,              93.6,      100.0 ,      100.0 ,                   1.1,  6.08251136862129 ,  5.96162067781873,    3.22467965616833, Kensington and Chelsea
E09000021,             4558.0,         66.27,                        3.2,       28334.0,             628.0,           ,            9900.0, 12.626262626262626, 10.707070707070706,     3.937007874015748 , 63.216269999999994,              91.2,      100.0 ,      100.0 ,                   1.2,  7.92183676851941 ,  6.89063300423986,    8.50910170936246, Kingston upon Thames
E09000022,            12292.0,         76.16,                        5.3,       29543.0,             634.8,           ,           16180.0, 14.493201483312731, 11.990111248454882,     5.7034220532319395,                   ,              91.7,      100.0 ,      100.0 ,                   0.9,  7.10624199610627 ,  6.52266039220525,    6.11983558345968, Lambeth
E09000023,             8704.0,         70.91,                        4.7,       24103.0,             552.0,           ,           11805.0, 15.713680643795003, 12.28293096145701 ,     2.7522935779816518,                   ,              90.0,      100.0 ,      100.0 ,                   1.1,  7.99555367461692 ,  7.15825545256455,    8.76061272437319, Lewisham
E09000024,             5773.0,         67.8 ,                        4.3,       30383.0,             578.9,           ,           12870.0, 13.752913752913754, 11.188811188811188,     3.8461538461538463,                   ,              95.0,      100.0 ,      100.0 ,                   0.4,  7.81019107041548 ,  6.90640312675366,    8.04140775737272, Merton
E09000025,             9664.0,         71.0 ,                        4.8,       20959.0,             517.5,           ,           15865.0, 20.296249606051056, 20.296249606051056,     4.929577464788732 , 49.48276          ,              91.5,      100.0 ,      100.0 ,                   0.6,  7.34754446662367 ,  6.61819312435861,    7.02636978524889, Newham
E09000026,             5528.0,         65.76,                        4.3,       22885.0,             565.6,           ,           16870.0, 16.56787196206283 , 12.537048014226437,     3.8461538461538463,                   ,              93.1,      100.0 ,      100.0 ,                   0.9,  7.63275793667258 ,  6.7518322255256 ,    7.70084365751109, Redbridge
E09000027,             3453.0,         63.94,                        2.6,       41271.0,             721.1,           ,           15055.0, 11.922949186316838, 10.029890401859848,     4.864864864864865 ,                   ,              90.4,      100.0 ,      100.0 ,                   1.0,  7.317088180502   ,  6.60805814872693,    6.83889040708237, Richmond upon Thames
E09000028,            10825.0,         74.6 ,                        4.8,       29248.0,             628.0,           ,           18755.0, 14.102905891762196, 10.423886963476406,     7.239819004524888 ,                   ,              89.7,      100.0 ,      100.0 ,                   2.9,  7.12039215573117 ,  6.5343468010618 ,    6.12206345336499, Southwark
E09000029,             4756.0,         64.01,                        4.2,       23601.0,             549.0,           ,            9870.0, 14.133738601823708, 10.081053698074975,     3.508771929824561 ,                   ,              91.7,      100.0 ,      100.0 ,                   1.0,  8.06092810862448 ,  6.96097031668342,    8.98359711524699, Sutton
E09000030,            15430.0,         75.47,                        5.4,       28649.0,             688.9,           ,           19765.0, 15.27953453073615 , 12.218568176068809,     6.434316353887399 , 56.026790000000005,              86.9,      100.0 ,      100.0 ,                   2.9,  6.57872853485517 ,  6.15065956304002,    4.35089142886322, Tower Hamlets
E09000031,             7241.0,         69.3 ,                        5.2,       23069.0,             574.9,           ,           13745.0, 18.297562750090943, 12.440887595489269,     3.0534351145038165,                   ,              93.6,      100.0 ,      100.0 ,                   1.2,  7.46374605684633 ,  6.72771808493202,    7.24801941780039, Waltham Forest
E09000032,             9765.0,         74.06,                        3.5,       39584.0,             720.9,           ,           19510.0, 14.402870322911326, 11.840082009226037,     4.97737556561086  ,                   ,              89.7,      100.0 ,      100.0 ,                   0.8,  7.12142300379532 ,  6.59596578297487,    6.24784594785723, Wandsworth
E09000033,             9702.0,         73.99,                        4.2,       67216.0,             703.9,           ,           55170.0, 12.225847380822911,  8.945078847199566,     5.639781685870225 ,                   ,              87.9,      100.0 ,      100.0 ,                   3.3,  6.73570489515515 ,  6.46227953278718,    5.08266707038003, Westminster
E10000002,                   ,              ,                           ,              ,                  ,           ,           33055.0, 10.21025563454848 ,  9.363182574497051,     4.8169556840077075,                   ,                  ,            ,            ,                      , 10.2822877639976  ,  7.73906544611018,   12.4856926579155 , 
E10000003,              220.0,         63.79,                           ,       22500.0,             536.7,           ,           30000.0, 11.816666666666666,  9.183333333333334,     5.756578947368421 , 54.59029          ,              87.4,      100.0 ,       96.79,                   2.0, 10.8050984739517  ,  7.8785080800631 ,   13.6109938219216 , Cambridgeshire
E10000006,                   ,              ,                           ,              ,                  ,           ,           19780.0,  8.695652173913043,  9.327603640040445,     3.7280701754385963,                   ,                  ,            ,            ,                      , 13.4270227309716  ,  8.93087397874813,   19.5312653112035 , 
E10000007,              310.0,         61.0 ,                           ,       19046.0,             455.2,           ,           29835.0, 10.256410256410255,  9.200603318250378,     4.24886191198786  , 52.942859999999996,              85.4,       97.97,       90.95,                   2.1, 10.664314833733   ,  7.8922298023784 ,   11.9979798416753 , Derbyshire
E10000008,              121.0,         58.28,                           ,       20294.0,             415.0,           ,           32365.0,  8.944847829445388,  8.713116020392398,     4.111405835543767 , 57.84601          ,              70.0,       98.22,       59.25,                   8.4, 13.7554345670555  ,  9.16641862308481,   18.4800866039334 , Devon
E10000009,                   ,              ,                           ,              ,                  ,           ,                  ,                   ,                   ,                       ,                   ,                  ,            ,            ,                      , 12.0577944984373  ,  8.39223857129137,   15.3761987093525 , 
E10000011,              319.0,         57.33,                           ,       22470.0,             447.2,           ,           23880.0, 10.154941373534339,  9.631490787269682,     2.810304449648712 ,                   ,              73.5,       99.74,       85.5 ,                   1.6, 10.5741151505248  ,  7.83813176587402,   12.1782016087093 , East Sussex
E10000012,              431.0,         60.8 ,                           ,       22784.0,             493.4,           ,           71125.0, 11.662565905096661, 10.003514938488577,     4.407051282051282 , 55.94416999999999 ,              84.7,       99.99,       96.73,                   1.7, 10.6515405456092  ,  8.0331570251512 ,   12.5475517500986 , Essex
E10000013,              241.0,         60.88,                           ,       21889.0,             464.1,           ,           29690.0,  9.666554395419332,  8.875042101717751,     4.761904761904762 , 54.95183000000001 ,              82.8,       99.55,       74.56,                   2.5, 11.3028320352502  ,  8.08031088443942,   13.6768676613346 , Gloucestershire
E10000014,              376.0,         60.49,                           ,       23835.0,             515.5,           ,           67200.0, 11.205357142857144,  9.486607142857142,     4.758308157099698 , 57.66149          ,              81.9,       99.84,       76.93,                   2.6, 10.1329831100106  ,  7.74351155053357,   12.4294655404996 , Hampshire
E10000015,              726.0,         62.94,                           ,       25950.0,             555.8,           ,           71185.0, 12.214651963194493, 10.936292758305823,     4.067197170645446 , 58.309459999999994,              88.3,       99.99,       96.44,                   1.5,  9.96456264254221 ,  7.73886778333436,   11.859867235239  , Hertfordshire
E10000016,              441.0,         60.8 ,                           ,       22247.0,             498.3,           ,           67740.0, 11.77295541777384 ,  9.905521110126957,     4.318936877076411 ,                   ,              78.1,       99.74,       90.84,                   3.6, 10.1643822495428  ,  7.73584529421824,   11.5121705665134 , Kent
E10000017,              421.0,         61.07,                           ,       18188.0,             448.0,           ,           45615.0, 11.301107091965362, 10.807848295516825,     4.433497536945813 , 52.4596           ,              88.8,       97.96,       87.48,                   1.7,  9.76170251779045 ,  7.43376425851405,   10.7310576907186 , Lancashire
E10000018,              336.0,         61.66,                           ,       19705.0,             466.8,           ,           30590.0, 11.882968290290945,  9.169663288656423,     4.761904761904762 , 50.29354          ,              84.1,       99.91,       92.28,                   1.4, 10.3554983618486  ,  7.78090387325798,   12.4674707449103 , Leicestershire
E10000019,              128.0,         59.8 ,                           ,       18389.0,             425.6,           ,           26625.0, 10.591549295774648,  9.615023474178404,     3.616636528028933 , 50.26408          ,              75.0,       99.96,       91.41,                   5.3, 13.9382932859     ,  9.06660483166228,   15.7905646578705 , Lincolnshire
E10000020,              168.0,         59.12,                           ,       18946.0,             431.9,           ,           32215.0,  9.653887940400436,  9.452118578302034,     3.739612188365651 , 53.20653000000001 ,              68.9,       99.99,       80.91,                   3.1, 13.9925229384561  ,  9.12332046692555,   16.5166613949873 , Norfolk
E10000021,                   ,              ,                           ,              ,                  ,           ,           40580.0, 14.45293247905372 , 10.707244948250368,     4.962406015037594 ,                   ,                  ,            ,            ,                      , 10.1730905990958  ,  7.6889495778967 ,   12.5654641955656 , 
E10000023,                   ,              ,                           ,              ,                  ,           ,           28305.0,  8.956014838367778,  8.602720367426251,     4.140127388535031 ,                   ,                  ,            ,            ,                      , 13.6063783073737  ,  8.8906972019528 ,   18.1719091352823 , 
E10000024,              393.0,         61.14,                           ,       18708.0,             457.6,           ,           28195.0, 10.799787196311403,  9.984039723355204,     4.480286738351254 ,                   ,              87.9,      100.0 ,       95.03,                   1.3, 10.1566241584966  ,  7.67291715644301,   11.6951509043348 , Nottinghamshire
E10000025,              272.0,         64.04,                           ,       24973.0,             527.0,           ,           32995.0, 10.183361115320503,  8.667979996969239,     5.270655270655271 , 59.560680000000005,              83.6,       99.94,       91.04,                   1.4, 10.4442974932432  ,  7.81696594693436,   13.051005069315  , Oxfordshire
E10000027,                   ,              ,                           ,              ,                  ,           ,           22820.0, 10.16652059596845 ,  9.114811568799299,     4.042553191489362 ,                   ,                  ,            ,            ,                      , 12.1205063589313  ,  8.37085298368755,   14.7607305651231 , 
E10000028,              332.0,         60.92,                           ,       19284.0,             470.7,           ,           33035.0,  9.807779627667625,  9.33858029362797 ,     4.172876304023846 , 52.54902          ,              83.1,       99.53,       92.52,                   2.9, 10.9384875789425  ,  8.05668181499883,   13.9834274156721 , Staffordshire
E10000029,              199.0,         59.13,                           ,       19889.0,             454.2,           ,           29760.0, 10.03024193548387 ,  9.07258064516129 ,     3.8461538461538463, 57.9653           ,              78.4,       99.97,       74.46,                   1.9, 11.7878015970258  ,  8.28285876741904,   13.9493107372283 , Suffolk
E10000030,              717.0,         61.86,                           ,       30541.0,             593.0,           ,           70540.0, 10.582648142897646,  9.781684150836405,     4.382826475849732 ,                   ,              82.9,       99.8 ,       85.51,                   1.9,  9.38736896069647 ,  7.53924869260391,   11.0419390479924 , Surrey
E10000031,              296.0,         61.5 ,                           ,       22004.0,             498.3,           ,           29145.0, 10.928118030536972, 10.036026762738034,     4.553734061930783 , 52.725069999999995,              85.2,      100.0 ,       96.85,                   1.2, 10.7592065413458  ,  7.94684660249204,   13.0501460083693 , Warwickshire
E10000032,              438.0,         59.5 ,                           ,       23488.0,             475.4,           ,           38950.0, 10.012836970474968,  9.3196405648267  ,     4.413793103448276 , 56.75479          ,              80.3,       99.66,       82.19,                   2.1,  9.51749567792134 ,  7.43123761559754,   11.1068121453301 , West Sussex
E10000034,              344.0,         59.83,                           ,       20901.0,             453.0,           ,           34225.0, 25.551497443389337, 11.497443389335281,     4.310344827586207 , 58.5897           ,              83.8,       99.93,       88.64,                   2.0, 10.421793716401   ,  7.80663091687638,   12.328283699855  , Worcestershire
E12000001,              307.0,         62.04,                        5.8,       16997.0,             438.2,    23162.0,           75635.0, 12.487604944800687, 11.264626165135189,     4.157175398633258 , 52.54772          ,              88.3,       96.69,       61.56,                   2.1, 11.1334197543324  ,  8.06923811625563,   12.6564368935009 , North East
E12000002,              522.0,         62.43,                        4.1,       18231.0,             458.0,    77556.0,          286130.0, 12.863034285115157, 11.735924230244994,     4.420629604822505 , 53.7519           ,              89.6,       96.87,       77.64,                   1.7,  9.37819965305788 ,  7.40749160962212,   10.8960267413866 , North West
E12000003,              355.0,         62.39,                        4.4,       17713.0,             445.2,    53253.0,          196320.0, 11.921862265688672,  9.998981255093724,     4.1869072403423555, 53.37595          ,              91.3,       97.35,       81.85,                   1.9, 10.3787270438849  ,  7.80604328320756,   12.2030256123898 , Yorkshire and The Humber
E12000004,              310.0,         62.37,                        3.7,       18298.0,             452.6,    58474.0,          189920.0, 12.223567818028643, 10.054233361415331,     4.340010272213662 , 51.8338           ,              87.4,       99.63,       91.04,                   1.9, 10.5371315789476  ,  7.85204013084703,   12.1715235065731 , East Midlands
E12000005,              456.0,         61.8 ,                        4.8,       17891.0,             455.2,    60836.0,          234010.0, 14.717319772659287, 10.73885731379001 ,     4.147665580890337 , 54.14325          ,              89.2,       99.73,       84.46,                   2.0, 10.1012286876295  ,  7.74843900057244,   12.2558554310892 , West Midlands
E12000006,              328.0,         61.55,                        3.2,       21826.0,             496.2,    90480.0,          288645.0, 11.77744287966187 , 10.556219577681928,     4.276632633403969 , 56.25683000000001 ,              83.6,       99.99,       87.87,                   1.9, 10.9756536280687  ,  8.07168211449897,   12.9470508159387 , East of England
E12000007,             5655.0,         68.77,                        4.6,       29613.0,             590.9,   683412.0,          597720.0, 14.814628923241651, 11.363180084320417,     5.431570365841231 ,                   ,              90.4,      100.0 ,       99.92,                   1.4,  7.5636993497965  ,  6.77950865710353,    7.39730079816966, London
E12000008,              482.0,         61.99,                        3.0,       24195.0,             516.0,   218126.0,          447655.0, 11.517798304497884,  9.835699366699803,     4.606910365548322 , 56.848569999999995,              83.2,       99.83,       86.76,                   2.2,  9.73152782908022 ,  7.590483058484  ,   11.3668706967536 , South East
E12000009,              237.0,         60.7 ,                        3.1,       20725.0,             444.9,    70768.0,          230995.0, 10.363860689625316,  9.36816814216758 ,     4.203223831871047 , 56.30536          ,              78.6,       99.13,       71.87,                   4.0, 11.1954642603065  ,  8.10698221213694,   13.5286124555636 , South West
E47000001,             2232.0,         63.61,                        5.0,       17479.0,                  ,    34182.0,          117205.0, 14.052301522972568, 12.806620877948893,     4.705383637134379 , 54.53249          ,              93.2,       99.88,       98.82,                   1.1,                   ,                  ,                    , Greater Manchester
E47000002,              886.0,         63.12,                        5.2,       16662.0,                  ,    13672.0,           43225.0, 13.880855986119144, 11.16252168883748 ,     3.747323340471092 , 51.01528          ,              93.1,       99.09,       94.6 ,                   1.3,                   ,                  ,                    , South Yorkshire
E47000003,             1153.0,         63.15,                        4.5,       17145.0,                  ,    23482.0,           86635.0, 12.067870952848155,  9.995960062330466,     4.557640750670242 , 53.782759999999996,              92.9,       99.69,       94.68,                   1.5,                   ,                  ,                    , West Yorkshire
E47000004,             2114.0,         62.97,                        4.1,       17380.0,                  ,     7888.0,           48810.0, 15.222290514238884, 11.749641466912518,     4.057971014492753 , 53.664269999999995,              90.7,      100.0 ,       99.57,                   1.6,                   ,                  ,                    , Liverpool City Region
E47000006,              848.0,         61.19,                        6.4,       16638.0,                  ,     8725.0,           19435.0, 12.88911757139182 , 11.808592745047594,     3.4739454094292808, 53.43273000000001 ,              92.6,       99.74,       96.77,                   2.4,                   ,                  ,                    , Tees Valley
E47000007,             3239.0,         62.94,                        6.6,       15884.0,                  ,    39954.0,          102870.0, 14.882861864489161, 11.742976572372898,     4.0866568193008375, 54.83489          ,              95.7,      100.0 ,       99.99,                   1.0,                   ,                  ,                    , West Midlands
E47000008,              260.0,         63.72,                        3.4,       21220.0,                  ,    14926.0,           38145.0, 12.701533621706645,  9.490103552234894,     5.533596837944664 , 54.645619999999994,              89.3,      100.0 ,       96.8 ,                   1.7,                   ,                  ,                    , Cambridgeshire and Peterborough
E47000009,              992.0,         66.27,                        3.7,       21369.0,                  ,    21684.0,           40200.0, 12.014925373134329,  9.689054726368159,     4.823529411764706 , 59.08441          ,              87.5,       99.96,       96.44,                   2.3,                   ,                  ,                    , West of England
E47000010,                   ,              ,                           ,              ,                  ,           ,                  ,                   ,                   ,                       , 52.08535          ,                  ,            ,            ,                      ,                   ,                  ,                    , 
E47000011,                   ,              ,                           ,              ,                  ,           ,                  ,                   ,                   ,                       , 52.502030000000005,                  ,            ,            ,                      ,                   ,                  ,                    , 
E47000012,               98.0,         60.69,                        2.0,       21730.0,                  ,     5863.0,           35870.0,  9.604126010593811,  8.767772511848342,     3.9751552795031055,                   ,              81.2,       95.37,       70.71,                   4.1,                   ,                  ,                    , York and North Yorkshire
E47000013,              459.0,         62.6 ,                        4.0,       17832.0,                  ,    31418.0,           76490.0, 11.204078964570533, 10.112432997777487,     4.371257485029941 ,                   ,              89.2,       98.92,       93.01,                   1.4,                   ,                  ,                    , East Midlands
E47000014,              252.0,         62.33,                        5.6,       17120.0,                  ,    14437.0,           56200.0, 12.348754448398576, 11.076512455516015,     4.360679970436069 ,                   ,              86.8,       96.38,       57.97,                   2.0,                   ,                  ,                    , North East
E47000015,              141.0,         58.13,                        3.1,       19972.0,                  ,           ,           36790.0,  9.146507203044306,  9.06496330524599 ,     3.900709219858156 ,                   ,              72.7,       98.23,       59.62,                   7.4,                   ,                  ,                    , Devon and Torbay
E47000016,              246.0,         61.08,                        5.3,       17426.0,                  ,           ,           19905.0, 11.328811856317508,  9.595579000251194,     3.9915966386554618,                   ,              94.8,       99.9 ,       94.29,                   1.0,                   ,                  ,                    , Hull and East Yorkshire
E47000017,              156.0,         60.01,                        3.9,       17889.0,                  ,           ,           37310.0, 10.90860359153042 ,  9.782900026802466,     3.7688442211055273,                   ,              80.3,       99.96,       92.27,                   4.3,                   ,                  ,                    , Greater Lincolnshire
E47000018,              494.0,         61.27,                        3.3,              ,                  ,           ,           55190.0, 11.659720963942743, 10.934951984055083,     4.257028112449799 ,                   ,              89.3,       98.07,       87.82,                   1.5,                   ,                  ,                    , Lancashire
E92000001,              432.0,         63.0 ,                        3.9,       21519.0,             483.0,  1336067.0,         2547030.0, 12.77389744133363 , 10.60117077537367 ,     4.555869785108271 , 54.879090000000005,              86.7,       98.87,       81.41,                   2.1,  9.85293398931194 ,  7.62171557840027,   11.3530419654031 , England
K02000001,              274.0,         62.97,                           ,       21016.0,             479.1,  1640641.0,         2889115.0, 12.592956666660898, 10.504773953269426,     4.466968969502978 ,                   ,              85.9,       95.75,       65.19,                   2.2,                   ,                  ,                    , United Kingdom
K03000001,              283.0,         62.97,                        3.9,       21140.0,             479.1,           ,         2827385.0, 12.65409556887371 , 10.564709086311202,     4.491898507571744 ,                   ,              85.7,       95.6 ,       63.94,                   2.2,                   ,                  ,                    , Great Britain
K04000001,              393.0,         62.89,                        3.9,       21302.0,             480.0,           ,         2648645.0, 12.72726243041253 , 10.586356419980783,     4.537018756169792 ,                   ,              86.3,       98.57,       78.01,                   2.1,                   ,                  ,                    , England and Wales
N09000001,              254.0,         62.75,                           ,       17188.0,             448.5,           ,            3645.0,  8.916323731138547,  8.367626886145404,     3.1914893617021276,                   ,              96.7,       99.98,       98.74,                   0.3,                   ,                  ,                    , Antrim and Newtownabbey
N09000002,              162.0,         62.05,                           ,       16271.0,             443.3,           ,            6780.0,  9.29203539823009 ,  7.817109144542774,     4.054054054054054 ,                   ,              92.1,       99.7 ,       95.52,                   1.1,                   ,                  ,                    , "            Armagh City, Banbridge and Craigavon          "
N09000003,             2508.0,         66.02,                           ,       16554.0,             414.3,           ,           11220.0, 11.720142602495544,  8.511586452762923,     3.7940379403794036,                   ,              95.4,      100.0 ,       99.77,                   1.0,                   ,                  ,                    , Belfast
N09000004,               72.0,         61.8 ,                           ,       16493.0,             403.7,           ,            4450.0,  8.426966292134832,  7.415730337078652,     3.9215686274509802,                   ,              92.7,       97.4 ,       89.08,                   2.5,                   ,                  ,                    , Causeway Coast and Glens
N09000005,              121.0,         63.26,                           ,       15315.0,             383.6,           ,            4385.0,  9.806157354618016,  7.98175598631699 ,     3.8095238095238098,                   ,              93.5,       95.82,       72.21,                   1.8,                   ,                  ,                    , Derry City and Strabane
N09000006,               41.0,         61.11,                           ,       16125.0,             429.8,           ,            4810.0,  8.419958419958421,  6.860706860706861,     4.3478260869565215,                   ,              89.9,       98.35,       75.3 ,                   3.8,                   ,                  ,                    , Fermanagh and Omagh
N09000007,              292.0,         62.58,                           ,       18858.0,             484.5,           ,            4665.0, 11.361200428724544,  7.609860664523044,     3.508771929824561 ,                   ,              96.2,       99.99,       98.88,                   0.4,                   ,                  ,                    , Lisburn and Castlereagh
N09000008,              131.0,         61.91,                           ,       17074.0,             418.6,           ,            3875.0,  9.419354838709678,  7.741935483870968,     2.4096385542168677,                   ,              94.7,       99.36,       92.48,                   1.3,                   ,                  ,                    , Mid and East Antrim
N09000009,               81.0,         62.29,                           ,       16741.0,             404.5,           ,            6320.0,  7.832278481012659,  6.091772151898734,     3.4722222222222223,                   ,              93.6,       99.56,       90.04,                   1.7,                   ,                  ,                    , Mid Ulster
N09000010,              108.0,         61.63,                           ,       16243.0,             413.0,           ,            7075.0, 10.742049469964664,  7.915194346289753,     3.4722222222222223,                   ,              94.2,       96.33,       84.6 ,                   1.3,                   ,                  ,                    , "            Newry, Mourne and Down          "
N09000011,              287.0,         59.95,                           ,       18333.0,             418.9,           ,            4505.0,  9.211986681465039,  8.657047724750278,     2.0618556701030926,                   ,              95.8,      100.0 ,       98.71,                   0.3,                   ,                  ,                    , Ards and North Down
N92000002,              138.0,         62.68,                           ,       16795.0,             429.3,    10448.0,           61730.0,  9.792645391219828,  7.759598250445489,     3.5522788203753355,                   ,              94.2,       98.31,       86.34,                   1.3,                   ,                  ,                    , Northern Ireland
S12000005,              325.0,         62.66,                        3.3,       19594.0,             445.9,           ,            1175.0, 11.48936170212766 , 11.48936170212766 ,     3.8461538461538463,                   ,              85.3,       97.3 ,       92.92,                   1.3,                   ,                  ,                    , Clackmannanshire
S12000006,               23.0,         58.35,                        3.2,       18538.0,             395.4,           ,            4635.0,  7.874865156418555,  8.30636461704423 ,     3.3057851239669422,                   ,              51.8,       96.45,       39.08,                   3.5,                   ,                  ,                    , Dumfries and Galloway
S12000008,               96.0,         62.2 ,                        4.5,       17045.0,             480.7,           ,            3165.0, 11.690363349131122,  9.95260663507109 ,     2.857142857142857 ,                   ,              78.0,       96.59,       51.29,                   1.5,                   ,                  ,                    , East Ayrshire
S12000010,              160.0,         61.32,                        2.7,       22273.0,             509.8,           ,            3295.0, 10.773899848254933,  9.711684370257966,     2.941176470588235 ,                   ,              86.3,       98.89,       75.0 ,                   3.6,                   ,                  ,                    , East Lothian
S12000011,              548.0,         59.41,                        2.7,       22338.0,             672.0,           ,            2945.0, 11.37521222410866 , 10.865874363327674,     2.2222222222222223,                   ,              94.6,       99.95,       77.82,                   1.5,                   ,                  ,                    , East Renfrewshire
S12000013,                9.0,         58.38,                        2.4,       21410.0,             480.1,           ,             930.0,  8.064516129032258,  8.064516129032258,     0.0               ,                   ,              10.3,       95.77,       13.76,                  12.5,                   ,                  ,                    , Na h-Eileanan Siar
S12000014,              537.0,         63.71,                        3.7,       18182.0,             473.9,           ,            4105.0, 11.936662606577345, 11.20584652862363 ,     3.260869565217391 ,                   ,              93.3,       99.98,       84.67,                   1.3,                   ,                  ,                    , Falkirk
S12000017,                9.0,         61.0 ,                        2.8,       19663.0,             450.7,           ,            9510.0,  9.253417455310199,  8.727655099894847,     3.982300884955752 ,                   ,              60.2,       82.25,       22.63,                  13.6,                   ,                  ,                    , Highland
S12000018,              493.0,         62.92,                        4.8,       17360.0,             390.7,           ,            1785.0, 11.76470588235294 , 10.644257703081232,     2.564102564102564 ,                   ,              78.6,       98.79,       81.19,                   1.5,                   ,                  ,                    , Inverclyde
S12000019,              264.0,         62.26,                        2.7,       18931.0,             477.6,           ,            2595.0, 11.175337186897881,  8.670520231213873,     6.451612903225806 ,                   ,              90.6,       97.95,       82.38,                   0.9,                   ,                  ,                    , Midlothian
S12000020,               42.0,         61.62,                        3.2,       18476.0,             407.4,           ,            2865.0,  9.07504363001745 ,  8.37696335078534 ,     2.941176470588235 ,                   ,              59.7,       95.0 ,       51.0 ,                   7.5,                   ,                  ,                    , Moray
S12000021,              152.0,         60.77,                        5.3,       16882.0,             465.6,           ,            3440.0, 12.063953488372094, 10.901162790697674,     4.225352112676056 ,                   ,              79.0,       94.18,       50.95,                   2.0,                   ,                  ,                    , North Ayrshire
S12000023,               22.0,         59.99,                        1.9,       18384.0,             392.0,           ,             900.0,  5.555555555555555,  7.222222222222221,     3.3333333333333335,                   ,              24.9,       99.1 ,       16.35,                  15.0,                   ,                  ,                    , Orkney Islands
S12000026,               25.0,         58.88,                        3.0,       19701.0,             453.3,           ,            4135.0,  8.101571946795646,  8.585247883917775,     2.3529411764705883,                   ,              68.3,       96.09,       30.8 ,                   2.4,                   ,                  ,                    , Scottish Borders
S12000027,               16.0,         60.62,                        2.2,       20893.0,             487.3,           ,             930.0,  5.913978494623656,  8.064516129032258,     3.4482758620689653,                   ,              17.2,       98.92,       15.35,                  14.9,                   ,                  ,                    , Shetland Islands
S12000028,               92.0,         58.79,                        3.7,       18681.0,             499.2,           ,            3465.0, 10.38961038961039 , 11.544011544011545,     2.380952380952381 ,                   ,              79.9,       94.21,       42.32,                   1.4,                   ,                  ,                    , South Ayrshire
S12000029,              182.0,         63.27,                        3.2,       18779.0,             491.5,           ,            9555.0, 12.087912087912088, 11.041339612768185,     2.912621359223301 ,                   ,              88.1,       97.12,       58.55,                   1.2,                   ,                  ,                    , South Lanarkshire
S12000030,               42.0,         63.59,                        3.8,       20940.0,             533.5,           ,            3815.0,  9.82961992136304 ,  9.043250327653997,     5.747126436781609 ,                   ,              74.4,       87.52,       54.15,                   3.7,                   ,                  ,                    , Stirling
S12000033,             1200.0,         68.18,                        3.1,       21093.0,             498.3,           ,            9520.0, 11.186974789915967, 10.084033613445378,     3.361344537815126 ,                   ,              91.8,      100.0 ,       98.79,                   1.6,                   ,                  ,                    , Aberdeen City
S12000034,               41.0,         61.65,                        2.3,       22070.0,             498.3,           ,           12095.0,  9.136006614303431,  9.54940057875155 ,     3.167420814479638 ,                   ,              43.4,       94.69,       48.69,                   9.8,                   ,                  ,                    , Aberdeenshire
S12000035,               13.0,         59.41,                        2.9,       19423.0,             402.2,           ,            3270.0,  8.103975535168196,  7.79816513761468 ,     5.333333333333334 ,                   ,              21.1,       89.64,       29.05,                  11.5,                   ,                  ,                    , Argyll and Bute
S12000036,             1930.0,         69.32,                        2.6,       24445.0,             498.3,           ,           21095.0, 12.277790945721735,  9.741644939559137,     5.4989816700611   ,                   ,              92.2,       99.96,       99.75,                   1.6,                   ,                  ,                    , City of Edinburgh
S12000038,              692.0,         64.39,                        3.7,       18292.0,             480.2,           ,            5160.0, 12.790697674418606, 11.14341085271318 ,     3.937007874015748 ,                   ,              95.7,       99.53,       93.67,                   0.8,                   ,                  ,                    , Renfrewshire
S12000039,              564.0,         63.69,                        4.4,       16485.0,             424.9,           ,            2115.0, 15.130023640661939, 10.401891252955082,     4.3478260869565215,                   ,              90.8,       98.36,       90.85,                   0.7,                   ,                  ,                    , West Dunbartonshire
S12000040,              420.0,         64.16,                        2.9,       18351.0,             476.4,           ,            5120.0, 12.109375         , 11.23046875       ,     4.385964912280701 ,                   ,              90.4,       99.83,       88.55,                   1.5,                   ,                  ,                    , West Lothian
S12000041,               53.0,         59.61,                        3.2,       19476.0,             457.4,           ,            3625.0,  9.655172413793103, 10.068965517241379,     2.7027027027027026,                   ,              58.6,       90.59,       58.28,                   9.5,                   ,                  ,                    , Angus
S12000042,             2480.0,         65.95,                        5.4,       16306.0,             438.2,           ,            3760.0, 12.76595744680851 , 11.037234042553191,     1.7699115044247788,                   ,              93.9,      100.0 ,      100.0 ,                   0.8,                   ,                  ,                    , Dundee City
S12000045,              624.0,         59.61,                        2.6,       23202.0,             558.0,           ,            3250.0, 10.0              , 10.76923076923077 ,     2.083333333333333 ,                   ,              91.7,       98.2 ,       94.32,                   1.8,                   ,                  ,                    , East Dunbartonshire
S12000047,              280.0,         62.15,                        4.1,       17854.0,             452.1,           ,           10585.0, 14.123760037789324, 12.517713745866793,     3.7383177570093453,                   ,              80.9,       99.94,       91.98,                   1.3,                   ,                  ,                    , Fife
S12000048,               28.0,         60.09,                        2.3,       21148.0,             467.4,           ,            5640.0,  8.24468085106383 ,  8.24468085106383 ,     3.90625           ,                   ,              51.4,       84.51,       39.63,                   8.3,                   ,                  ,                    , Perth and Kinross
S12000049,             3508.0,         70.1 ,                        4.7,       17093.0,             452.0,           ,           21770.0, 15.043638033991732, 11.27698667891594 ,     4.778156996587031 ,                   ,              94.6,      100.0 ,      100.0 ,                   1.0,                   ,                  ,                    , Glasgow City
S12000050,              727.0,         64.59,                        4.1,       16966.0,             482.6,           ,            8490.0, 13.604240282685511, 11.484098939929329,     4.324324324324325 ,                   ,              91.7,       99.91,       86.61,                   1.4,                   ,                  ,                    , North Lanarkshire
S92000003,               69.0,         63.89,                        3.5,       19361.0,             472.8,    96863.0,          178740.0, 11.569878035134833, 10.243929730334564,     3.933545076960664 ,                   ,              79.7,       89.9 ,       36.84,                   3.3,                   ,                  ,                    , Scotland
W06000001,               96.0,         56.64,                        4.0,       17389.0,             445.8,           ,            2100.0,  9.047619047619047,  8.333333333333332,     6.521739130434782 ,                   ,              55.3,       99.91,       62.18,                   5.0,                   ,                  ,                    , Isle of Anglesey
W06000002,               46.0,         60.24,                        3.5,       16380.0,             401.4,           ,            4360.0,  7.68348623853211 ,  8.371559633027523,     3.7735849056603774,                   ,              62.4,       93.22,       49.48,                   6.0,                   ,                  ,                    , Gwynedd
W06000003,              101.0,         56.55,                        3.7,       18248.0,             406.6,           ,            4060.0,  8.866995073891626,  8.74384236453202 ,     4.395604395604396 ,                   ,              85.6,       96.34,       36.27,                   3.4,                   ,                  ,                    , Conwy
W06000004,              113.0,         57.59,                        4.0,       17605.0,             404.1,           ,            3560.0, 16.853932584269664,  8.426966292134832,     2.2222222222222223,                   ,              78.7,       97.72,       55.72,                   4.8,                   ,                  ,                    , Denbighshire
W06000005,              351.0,         60.75,                        3.2,       18811.0,             449.5,           ,            5610.0, 12.032085561497325,  9.982174688057041,     4.838709677419355 ,                   ,              89.4,       99.84,       66.96,                   2.3,                   ,                  ,                    , Flintshire
W06000006,              270.0,         61.35,                        4.5,       17195.0,             480.7,           ,            4120.0, 10.436893203883495,  9.951456310679612,     5.4945054945054945,                   ,              76.4,       98.77,       71.68,                   2.6,                   ,                  ,                    , Wrexham
W06000008,               40.0,         60.21,                        3.4,       17162.0,             409.3,           ,            2810.0,  8.007117437722421,  7.829181494661921,     3.389830508474576 ,                   ,              50.0,       95.8 ,       46.48,                  10.0,                   ,                  ,                    , Ceredigion
W06000009,               75.0,         56.92,                        4.2,       17610.0,             419.9,           ,            4940.0, 10.020242914979757,  7.793522267206478,     3.5398230088495577,                   ,              64.9,       99.16,       77.07,                   5.1,                   ,                  ,                    , Pembrokeshire
W06000010,               79.0,         58.66,                        3.8,       16851.0,             451.2,           ,            6145.0,  9.51993490642799 ,  8.787632221318145,     3.125             ,                   ,              69.2,       97.78,       63.32,                   7.6,                   ,                  ,                    , Carmarthenshire
W06000011,              632.0,         62.55,                        4.5,       16945.0,             440.3,           ,            7600.0, 16.315789473684212, 10.592105263157894,     2.976190476190476 ,                   ,              88.8,       98.68,       78.59,                   1.2,                   ,                  ,                    , Swansea
W06000012,              320.0,         61.13,                        4.2,       16419.0,             459.4,           ,            3230.0, 11.30030959752322 , 10.371517027863778,     3.8461538461538463,                   ,              81.3,       99.22,       87.21,                   1.7,                   ,                  ,                    , Neath Port Talbot
W06000013,              576.0,         61.26,                        4.0,       16711.0,             449.4,           ,            4155.0, 12.274368231046932, 10.589651022864018,     4.25531914893617  ,                   ,              88.7,       99.65,       97.27,                   1.3,                   ,                  ,                    , Bridgend
W06000014,              392.0,         59.64,                        3.6,       21347.0,             485.5,           ,            4525.0, 10.828729281767956, 10.165745856353592,     6.493506493506493 ,                   ,              89.3,       99.98,       97.27,                   1.6,                   ,                  ,                    , Vale of Glamorgan
W06000015,             2534.0,         66.99,                        4.1,       17854.0,             477.1,           ,           12500.0, 12.44             ,  9.8              ,     5.369127516778524 ,                   ,              92.1,      100.0 ,       99.98,                   1.6,                   ,                  ,                    , Cardiff
W06000016,              560.0,         61.76,                        4.8,       15870.0,             430.1,           ,            6665.0, 13.053263315828959, 11.627906976744185,     4.0               ,                   ,              76.1,       99.18,       85.64,                   1.1,                   ,                  ,                    , Rhondda Cynon Taf
W06000018,              637.0,         61.39,                        4.6,       16332.0,             444.9,           ,            4550.0, 14.175824175824175,  9.56043956043956 ,     4.040404040404041 ,                   ,              87.5,       98.76,       96.04,                   0.7,                   ,                  ,                    , Caerphilly
W06000019,              620.0,         62.2 ,                        4.7,       13912.0,             384.1,           ,            1365.0, 13.553113553113553, 11.72161172161172 ,     3.4482758620689653,                   ,              68.8,       99.95,       97.56,                   1.5,                   ,                  ,                    , Blaenau Gwent
W06000020,              729.0,         60.64,                        4.4,       16508.0,             455.4,           ,            2370.0, 10.970464135021098, 11.181434599156118,     3.4482758620689653,                   ,              82.5,       98.98,       97.18,                   2.5,                   ,                  ,                    , Torfaen
W06000021,              108.0,         58.52,                        2.9,       22293.0,             504.5,           ,            4155.0,  9.626955475330927,  9.14560770156438 ,     2.631578947368421 ,                   ,              75.5,       98.27,       71.56,                   6.7,                   ,                  ,                    , Monmouthshire
W06000022,              823.0,         62.5 ,                        4.6,       16596.0,             458.4,           ,            5650.0, 13.185840707964601, 21.327433628318584,     3.5398230088495577,                   ,              92.3,      100.0 ,       99.79,                   1.5,                   ,                  ,                    , Newport
W06000023,               25.0,         56.83,                        2.7,       18356.0,             430.5,           ,            5695.0,  7.023705004389816,  7.199297629499561,     3.5398230088495577,                   ,              57.0,       94.57,       35.0 ,                  11.9,                   ,                  ,                    , Powys
W06000024,              532.0,         62.15,                        4.7,       15112.0,             440.6,           ,            1450.0, 12.758620689655173, 12.068965517241379,     6.451612903225806 ,                   ,              76.4,       99.42,       82.9 ,                   0.7,                   ,                  ,                    , Merthyr Tydfil
W92000004,              149.0,         61.01,                        4.1,       17356.0,             446.2,    20410.0,          101615.0, 11.558332923288885, 10.215027308960291,     4.12324422292705  ,                   ,              79.1,       96.64,       56.67,                   3.3,                   ,                  ,                    , Wales
