"school","sex","age","address","famsize","pstatus","medu","fedu","mjob","fjob","reason","guardian","traveltime","studytime","failures","schoolsup","famsup","paid","activities","nursery","higher","internet","romantic","famrel","freetime","goout","dalc","walc","health","absences","final_grade"
"GP","F",18,"U","GT3","A","Higher","Higher","at_home","teacher","course","mother","15-30min","2-5hrs","0","yes","no","no","no","yes","yes","no","no","Good","Average","High","VeryLow","VeryLow","Average",4,11
"GP","F",17,"U","GT3","T","Primary","Primary","at_home","other","course","father","<15min","2-5hrs","0","no","yes","no","no","no","yes","yes","no","Excellent","Average","Average","VeryLow","VeryLow","Average",2,11
"GP","F",15,"U","LE3","T","Primary","Primary","at_home","other","other","mother","<15min","2-5hrs","0","yes","no","no","no","yes","yes","yes","no","Good","Average","Low","Low","Average","Average",6,12
"GP","F",15,"U","GT3","T","Higher","5th-9th","health","services","home","mother","<15min","5-10hrs","0","no","yes","no","yes","yes","yes","yes","yes","Average","Low","Low","VeryLow","VeryLow","VeryGood",0,14
"GP","F",16,"U","GT3","T","Secondary","Secondary","other","other","home","father","<15min","2-5hrs","0","no","yes","no","no","yes","yes","no","no","Good","Average","Low","VeryLow","Low","VeryGood",0,13
"GP","M",16,"U","LE3","T","Higher","Secondary","services","other","reputation","mother","<15min","2-5hrs","0","no","yes","no","yes","yes","yes","yes","no","Excellent","High","Low","VeryLow","Low","VeryGood",6,13
"GP","M",16,"U","LE3","T","5th-9th","5th-9th","other","other","home","mother","<15min","2-5hrs","0","no","no","no","no","yes","yes","yes","no","Good","High","High","VeryLow","VeryLow","Average",0,13
"GP","F",17,"U","GT3","A","Higher","Higher","other","teacher","home","mother","15-30min","2-5hrs","0","yes","yes","no","no","yes","yes","no","no","Good","VeryLow","High","VeryLow","VeryLow","VeryBad",2,13
"GP","M",15,"U","LE3","A","Secondary","5th-9th","services","other","home","mother","<15min","2-5hrs","0","no","yes","no","no","yes","yes","yes","no","Good","Low","Low","VeryLow","VeryLow","VeryBad",0,17
"GP","M",15,"U","GT3","T","Secondary","Higher","other","other","home","mother","<15min","2-5hrs","0","no","yes","no","yes","yes","yes","yes","no","Excellent","VeryHigh","VeryLow","VeryLow","VeryLow","VeryGood",0,13
"GP","F",15,"U","GT3","T","Higher","Higher","teacher","health","reputation","mother","<15min","2-5hrs","0","no","yes","no","no","yes","yes","yes","no","Average","Average","Average","VeryLow","Low","Bad",2,14
"GP","F",15,"U","GT3","T","5th-9th","Primary","services","other","reputation","father","30min-1hr","5-10hrs","0","no","yes","no","yes","yes","yes","yes","no","Excellent","Low","Low","VeryLow","VeryLow","Good",0,13
"GP","M",15,"U","LE3","T","Higher","Higher","health","services","course","father","<15min","<2hrs","0","no","yes","no","yes","yes","yes","yes","no","Good","Average","Average","VeryLow","Average","VeryGood",0,12
"GP","M",15,"U","GT3","T","Higher","Secondary","teacher","other","course","mother","15-30min","2-5hrs","0","no","yes","no","no","yes","yes","yes","no","Excellent","High","Average","VeryLow","Low","Average",0,13
"GP","M",15,"U","GT3","A","5th-9th","5th-9th","other","other","home","other","<15min","5-10hrs","0","no","yes","no","no","yes","yes","yes","yes","Good","VeryHigh","Low","VeryLow","VeryLow","Average",0,15
"GP","F",16,"U","GT3","T","Higher","Higher","health","other","home","mother","<15min","<2hrs","0","no","yes","no","no","yes","yes","yes","no","Good","High","High","VeryLow","Low","Bad",6,17
"GP","F",16,"U","GT3","T","Higher","Higher","services","services","reputation","mother","<15min","5-10hrs","0","no","yes","no","yes","yes","yes","yes","no","Average","Low","Average","VeryLow","Low","Bad",10,14
"GP","F",16,"U","GT3","T","Secondary","Secondary","other","other","reputation","mother","30min-1hr","2-5hrs","0","yes","yes","no","yes","yes","yes","no","no","Excellent","Average","Low","VeryLow","VeryLow","Good",2,14
"GP","M",17,"U","GT3","T","Secondary","5th-9th","services","services","course","mother","<15min","<2hrs","3","no","yes","yes","yes","yes","yes","yes","no","Excellent","VeryHigh","VeryHigh","Low","High","VeryGood",2,7
"GP","M",16,"U","LE3","T","Higher","Secondary","health","other","home","father","<15min","<2hrs","0","no","no","no","yes","yes","yes","yes","no","Average","VeryLow","Average","VeryLow","Average","VeryGood",6,12
"GP","M",15,"U","GT3","T","Higher","Secondary","teacher","other","reputation","mother","<15min","2-5hrs","0","no","no","no","no","yes","yes","yes","no","Good","High","VeryLow","VeryLow","VeryLow","VeryBad",0,14
"GP","M",15,"U","GT3","T","Higher","Higher","health","health","other","father","<15min","<2hrs","0","no","yes","yes","no","yes","yes","yes","no","Excellent","High","Low","VeryLow","VeryLow","VeryGood",0,12
"GP","M",16,"U","LE3","T","Higher","5th-9th","teacher","other","course","mother","<15min","2-5hrs","0","no","no","no","yes","yes","yes","yes","no","Good","VeryHigh","VeryLow","VeryLow","Average","VeryGood",0,14
"GP","M",16,"U","LE3","T","5th-9th","5th-9th","other","other","reputation","mother","15-30min","2-5hrs","0","no","yes","no","yes","yes","yes","yes","no","Excellent","High","High","Low","High","VeryGood",2,10
"GP","F",15,"R","GT3","T","5th-9th","Higher","services","health","course","mother","<15min","5-10hrs","0","yes","yes","no","yes","yes","yes","yes","no","Good","Average","Low","VeryLow","VeryLow","VeryGood",2,10
"GP","F",16,"U","GT3","T","5th-9th","5th-9th","services","services","home","mother","<15min","<2hrs","0","no","yes","no","no","no","yes","yes","no","VeryBad","Low","Low","VeryLow","Average","VeryGood",6,12
"GP","M",15,"U","GT3","T","5th-9th","5th-9th","other","other","home","mother","<15min","<2hrs","0","no","yes","no","no","yes","yes","yes","no","Good","Low","Low","VeryLow","Low","VeryGood",8,12
"GP","M",15,"U","GT3","T","Higher","5th-9th","health","services","other","mother","<15min","<2hrs","0","no","no","no","no","yes","yes","yes","no","Bad","Low","High","Low","High","VeryBad",0,11
"GP","M",16,"U","LE3","A","Secondary","Higher","services","other","home","mother","<15min","2-5hrs","0","yes","yes","yes","yes","yes","yes","yes","no","Excellent","Average","Average","VeryLow","VeryLow","VeryGood",2,13
"GP","M",16,"U","GT3","T","Higher","Higher","teacher","teacher","home","mother","<15min","2-5hrs","0","no","yes","yes","yes","yes","yes","yes","yes","Good","High","VeryHigh","VeryHigh","VeryHigh","VeryGood",4,12
"GP","M",15,"U","GT3","T","Higher","Higher","health","services","home","mother","<15min","2-5hrs","0","no","yes","yes","no","no","yes","yes","no","Excellent","High","Low","Average","High","VeryGood",0,11
"GP","M",15,"U","GT3","T","Higher","Higher","services","services","reputation","mother","15-30min","2-5hrs","0","no","yes","no","yes","yes","yes","yes","no","Good","Average","VeryLow","VeryLow","VeryLow","VeryGood",2,15
"GP","M",15,"R","GT3","T","Higher","Secondary","teacher","at_home","course","mother","<15min","2-5hrs","0","no","yes","no","yes","yes","yes","yes","yes","Good","VeryHigh","Low","VeryLow","VeryLow","VeryGood",0,15
"GP","M",15,"U","LE3","T","Secondary","Secondary","other","other","course","mother","<15min","2-5hrs","0","no","no","no","yes","no","yes","yes","no","Excellent","Average","Low","VeryLow","VeryLow","Bad",0,12
"GP","M",16,"U","GT3","T","Secondary","5th-9th","other","other","home","mother","<15min","<2hrs","0","no","yes","no","no","no","yes","yes","no","Excellent","High","Average","VeryLow","VeryLow","VeryGood",4,12
"GP","F",15,"U","GT3","T","5th-9th","Secondary","other","other","other","father","15-30min","<2hrs","0","no","yes","no","yes","yes","yes","no","no","Average","VeryHigh","VeryLow","VeryLow","VeryLow","VeryGood",4,11
"GP","M",15,"U","LE3","T","Higher","Secondary","teacher","services","home","mother","<15min","5-10hrs","0","no","yes","no","yes","yes","yes","yes","no","Excellent","High","Average","VeryLow","VeryLow","Good",0,14
"GP","M",16,"R","GT3","A","Higher","Higher","other","teacher","reputation","mother","15-30min","5-10hrs","0","no","yes","no","yes","yes","yes","yes","yes","Bad","High","Average","VeryLow","VeryLow","VeryGood",4,13
"GP","F",15,"R","GT3","T","Secondary","Higher","services","health","course","mother","<15min","5-10hrs","0","yes","yes","no","yes","yes","yes","yes","no","Good","Average","Low","VeryLow","VeryLow","VeryGood",2,12
"GP","F",15,"R","GT3","T","5th-9th","5th-9th","at_home","other","reputation","mother","<15min","<2hrs","0","yes","yes","no","yes","yes","yes","no","no","Good","Average","VeryLow","VeryLow","VeryLow","Bad",8,12
"GP","F",16,"U","LE3","T","5th-9th","5th-9th","other","other","home","mother","15-30min","2-5hrs","0","no","yes","no","yes","no","yes","yes","yes","Average","Average","Average","VeryLow","Low","Average",16,10
"GP","M",15,"U","LE3","T","Higher","Higher","teacher","other","home","other","<15min","<2hrs","0","no","yes","no","no","no","yes","yes","yes","Excellent","High","Average","Low","High","VeryGood",8,11
"GP","M",15,"U","GT3","T","Higher","Higher","services","teacher","course","father","<15min","2-5hrs","0","no","yes","no","yes","yes","yes","yes","no","Good","Average","Average","VeryLow","VeryLow","VeryGood",0,15
"GP","M",15,"U","GT3","T","5th-9th","5th-9th","services","services","course","father","<15min","<2hrs","0","yes","yes","no","no","yes","yes","yes","no","Excellent","High","VeryLow","VeryLow","VeryLow","VeryBad",0,10
"GP","F",16,"U","LE3","T","5th-9th","5th-9th","other","at_home","course","father","15-30min","2-5hrs","1","yes","no","no","yes","yes","yes","yes","no","Good","Average","Average","Low","Low","VeryGood",14,11
"GP","F",15,"U","LE3","A","Higher","Secondary","other","other","course","mother","<15min","2-5hrs","0","yes","yes","yes","yes","yes","yes","yes","yes","Excellent","Low","Low","VeryLow","VeryLow","VeryGood",4,11
"GP","F",16,"U","LE3","A","Secondary","Secondary","other","services","home","mother","<15min","2-5hrs","0","no","yes","no","no","yes","yes","yes","no","Bad","Average","VeryHigh","VeryLow","High","Average",6,13
"GP","M",16,"U","GT3","T","Higher","Secondary","health","services","reputation","mother","<15min",">10hrs","0","no","no","no","yes","yes","yes","yes","no","Good","Low","Low","VeryLow","VeryLow","Bad",2,17
"GP","M",15,"U","GT3","T","Higher","5th-9th","teacher","other","home","mother","<15min","2-5hrs","0","no","yes","no","no","yes","yes","no","no","Good","Average","Average","Low","Low","VeryGood",4,13
"GP","F",15,"U","GT3","T","Higher","Higher","services","teacher","other","father","<15min","2-5hrs","0","yes","yes","no","yes","no","yes","yes","no","Good","High","High","VeryLow","VeryLow","Average",2,12
"GP","F",16,"U","LE3","T","5th-9th","5th-9th","services","services","course","mother","30min-1hr","2-5hrs","0","no","yes","no","no","yes","yes","yes","no","Good","Average","Average","Low","Average","Good",0,13
"GP","F",15,"U","LE3","T","Higher","5th-9th","health","other","other","mother","<15min","2-5hrs","0","no","yes","no","no","yes","yes","yes","no","Good","Average","Average","VeryLow","VeryLow","VeryGood",0,16
"GP","M",15,"U","LE3","A","Higher","5th-9th","health","health","other","father","15-30min","<2hrs","0","no","no","no","no","yes","yes","no","no","Excellent","VeryHigh","VeryHigh","Average","High","VeryGood",4,9
"GP","F",15,"U","GT3","T","Higher","Higher","services","services","course","mother","<15min","<2hrs","0","yes","yes","no","no","yes","yes","yes","no","Average","Average","High","Low","Average","VeryGood",0,12
"GP","F",15,"U","LE3","A","Secondary","Secondary","other","other","other","mother","<15min","<2hrs","0","no","no","no","no","yes","yes","yes","no","Excellent","Average","High","High","High","VeryBad",0,13
"GP","F",16,"U","GT3","A","5th-9th","Primary","other","other","other","mother","<15min","2-5hrs","0","no","no","no","yes","yes","yes","yes","yes","Excellent","Average","High","VeryLow","VeryLow","Bad",2,12
"GP","F",15,"U","GT3","A","Higher","Secondary","services","services","reputation","mother","<15min","2-5hrs","0","no","yes","no","yes","yes","yes","yes","no","Good","Average","Low","VeryLow","VeryLow","VeryBad",0,15
"GP","M",15,"U","GT3","T","Higher","Higher","teacher","health","reputation","mother","<15min","2-5hrs","0","no","yes","no","yes","yes","yes","no","no","Average","Low","Low","VeryLow","VeryLow","VeryGood",8,16
"GP","M",15,"U","LE3","T","Primary","5th-9th","other","at_home","home","father","<15min","2-5hrs","0","yes","yes","no","yes","yes","yes","yes","no","Good","Average","Low","VeryLow","VeryLow","VeryGood",0,14
"GP","F",16,"U","GT3","T","Higher","5th-9th","services","other","course","mother","<15min","2-5hrs","0","no","yes","yes","no","yes","yes","yes","no","Good","Low","Average","VeryLow","VeryLow","VeryGood",2,16
"GP","F",16,"R","GT3","T","Higher","Higher","health","teacher","other","mother","<15min","2-5hrs","0","no","yes","no","yes","yes","yes","no","no","Bad","High","High","Low","Average","Good",0,16
"GP","F",16,"U","GT3","T","Primary","Primary","services","services","course","father",">1hr","<2hrs","0","yes","yes","no","yes","no","yes","yes","yes","Excellent","VeryHigh","VeryHigh","VeryHigh","VeryHigh","VeryGood",0,16
"GP","F",16,"U","LE3","T","Primary","5th-9th","other","services","reputation","father","<15min","2-5hrs","0","yes","no","no","yes","yes","yes","yes","no","Good","High","Average","VeryLow","VeryLow","VeryBad",0,10
"GP","F",16,"U","GT3","T","Higher","Secondary","teacher","health","home","mother","<15min","5-10hrs","0","yes","yes","no","yes","yes","yes","yes","no","Average","High","High","Low","High","Good",0,13
"GP","F",15,"U","LE3","T","Higher","Secondary","services","services","reputation","father","<15min","2-5hrs","0","yes","no","no","yes","yes","yes","yes","yes","Good","High","High","Low","High","Bad",0,12
"GP","F",16,"U","LE3","T","Higher","Secondary","teacher","services","course","mother","30min-1hr","2-5hrs","0","no","yes","no","yes","yes","yes","yes","no","Excellent","High","Average","VeryLow","Low","VeryBad",2,16
"GP","M",15,"U","GT3","A","Higher","Higher","other","services","reputation","mother","<15min",">10hrs","0","no","yes","no","yes","no","yes","yes","yes","VeryBad","Average","Average","VeryHigh","VeryHigh","Average",0,12
"GP","F",16,"U","GT3","T","Secondary","Primary","services","other","course","mother","<15min",">10hrs","0","yes","yes","no","no","yes","yes","yes","no","Good","Average","Average","VeryLow","Low","VeryGood",0,10
"GP","F",15,"R","LE3","T","5th-9th","5th-9th","health","services","reputation","mother","15-30min","2-5hrs","0","yes","yes","no","no","yes","yes","yes","no","Good","VeryLow","Average","VeryLow","Average","Good",0,11
"GP","F",15,"R","LE3","T","Secondary","Primary","other","other","reputation","father","15-30min",">10hrs","0","no","yes","no","no","no","yes","yes","no","Good","High","Low","Low","Average","Average",6,15
"GP","M",16,"U","GT3","T","Secondary","Primary","other","other","reputation","father","15-30min",">10hrs","0","no","yes","no","no","yes","yes","yes","no","Good","Average","Low","VeryLow","VeryLow","VeryGood",2,11
"GP","M",15,"U","GT3","T","Higher","5th-9th","other","other","course","mother","<15min",">10hrs","0","no","no","no","no","yes","yes","yes","no","Average","Average","Average","VeryLow","VeryLow","Average",0,10
"GP","F",15,"R","GT3","T","Primary","Primary","other","other","reputation","mother","<15min","2-5hrs","0","yes","yes","no","no","no","yes","yes","yes","Average","Average","High","Low","High","VeryGood",2,11
"GP","M",16,"U","GT3","T","Secondary","Primary","other","other","reputation","mother","<15min","<2hrs","0","no","no","no","yes","yes","yes","no","no","Excellent","Average","Low","Low","Low","VeryGood",0,14
"GP","F",16,"U","GT3","T","Secondary","Secondary","other","services","home","mother","<15min","2-5hrs","0","yes","yes","no","yes","yes","yes","yes","no","Good","Average","Average","Low","High","VeryGood",4,11
"GP","M",15,"U","GT3","T","Higher","Secondary","teacher","other","home","mother","<15min","2-5hrs","0","no","yes","no","yes","yes","yes","yes","no","Good","Average","Average","Low","Average","VeryGood",0,11
"GP","M",15,"U","GT3","T","Higher","None","teacher","other","course","mother","15-30min",">10hrs","0","no","no","no","yes","yes","yes","yes","no","Average","High","Average","VeryLow","VeryLow","VeryBad",0,11
"GP","F",16,"U","GT3","T","5th-9th","5th-9th","other","other","reputation","mother","<15min",">10hrs","0","no","no","no","no","yes","yes","yes","yes","Excellent","Low","Average","VeryLow","Average","Average",1,13
"GP","M",17,"U","GT3","T","5th-9th","Primary","other","other","home","mother","15-30min","<2hrs","3","yes","yes","no","yes","yes","no","yes","no","Good","VeryHigh","VeryLow","VeryLow","VeryLow","Average",0,10
"GP","F",16,"U","GT3","T","Secondary","Higher","at_home","other","course","mother","<15min","2-5hrs","0","no","yes","no","no","yes","yes","yes","no","Bad","High","Average","VeryLow","Low","Average",14,11
"GP","M",15,"U","GT3","T","5th-9th","Secondary","other","services","course","father","<15min","<2hrs","0","yes","yes","no","yes","no","yes","yes","yes","Average","Low","Low","VeryLow","Average","Average",0,12
"GP","M",15,"U","GT3","T","5th-9th","Secondary","other","other","home","mother","<15min","5-10hrs","0","yes","no","no","no","no","yes","yes","no","Excellent","Average","Low","VeryLow","Low","VeryGood",2,9
"GP","F",15,"U","LE3","T","Secondary","5th-9th","services","other","reputation","mother","<15min","2-5hrs","0","no","yes","no","no","yes","yes","yes","no","Good","High","High","VeryLow","VeryLow","VeryGood",4,11
"GP","M",15,"U","LE3","T","5th-9th","5th-9th","services","services","home","mother","15-30min","2-5hrs","0","no","no","yes","yes","yes","yes","yes","no","Excellent","Average","Average","VeryLow","Average","Good",2,13
"GP","F",15,"U","GT3","T","Primary","Primary","other","other","home","father","<15min","2-5hrs","0","no","yes","no","yes","no","yes","yes","no","Good","Average","Low","Low","Average","Good",2,12
"GP","F",15,"U","GT3","T","Higher","Higher","services","services","reputation","father","15-30min","2-5hrs","0","no","no","no","no","yes","yes","yes","yes","Good","High","High","Low","Average","VeryGood",4,12
"GP","F",16,"U","LE3","T","5th-9th","5th-9th","at_home","other","course","mother","<15min","2-5hrs","0","no","yes","no","no","yes","yes","no","no","Good","Average","High","VeryLow","Low","Bad",6,11
"GP","F",15,"U","GT3","T","Higher","5th-9th","other","other","reputation","mother","<15min","5-10hrs","0","no","yes","no","yes","yes","yes","yes","no","Excellent","Average","Average","VeryLow","Average","VeryBad",4,15
"GP","M",16,"U","GT3","T","5th-9th","5th-9th","services","other","reputation","father","15-30min","2-5hrs","0","no","no","no","yes","no","yes","yes","no","Good","High","Low","VeryLow","VeryLow","Average",6,11
"GP","M",16,"U","LE3","A","Higher","Higher","teacher","health","reputation","mother","<15min","2-5hrs","0","no","yes","no","no","yes","yes","no","no","Good","VeryLow","Average","Average","VeryHigh","VeryGood",6,10
"GP","F",16,"U","GT3","T","Secondary","Secondary","other","other","home","mother","<15min","5-10hrs","0","no","yes","no","no","yes","yes","yes","yes","Good","Average","Average","VeryLow","Average","Good",2,11
"GP","F",15,"U","GT3","T","Higher","Secondary","services","other","reputation","mother","<15min","<2hrs","0","no","no","no","yes","yes","yes","yes","no","Good","VeryHigh","VeryHigh","VeryLow","Average","VeryBad",6,13
"GP","F",16,"U","LE3","T","Secondary","Primary","other","other","home","father","<15min","2-5hrs","0","yes","yes","no","no","yes","yes","no","no","Average","Average","Average","Low","Average","Bad",0,12
"GP","F",16,"U","GT3","T","Higher","5th-9th","teacher","services","home","mother","15-30min","2-5hrs","0","no","yes","no","yes","yes","yes","yes","no","Excellent","Average","Average","VeryLow","VeryLow","VeryBad",2,14
"GP","M",15,"U","LE3","T","5th-9th","5th-9th","services","health","reputation","mother","<15min",">10hrs","0","no","yes","no","yes","yes","yes","yes","no","Good","Average","High","VeryLow","VeryLow","Good",2,12
"GP","F",15,"R","GT3","T","Primary","Primary","at_home","other","home","mother","15-30min",">10hrs","0","yes","yes","yes","yes","yes","yes","yes","no","Average","VeryLow","Low","VeryLow","VeryLow","VeryBad",4,13
"GP","M",16,"R","GT3","T","Higher","Secondary","services","other","reputation","mother","15-30min","<2hrs","0","yes","yes","yes","yes","no","yes","yes","no","Average","Average","Average","VeryLow","VeryLow","Good",6,11
"GP","F",16,"U","GT3","T","5th-9th","Primary","other","other","course","mother","<15min","2-5hrs","0","no","yes","no","no","yes","yes","no","yes","Good","Average","VeryHigh","VeryLow","VeryLow","VeryGood",0,12
"GP","F",16,"U","GT3","T","Higher","Higher","other","other","reputation","mother","<15min","<2hrs","0","no","no","no","yes","no","yes","yes","no","Excellent","Average","High","VeryLow","Low","VeryBad",4,13
"GP","F",16,"U","GT3","T","Higher","Secondary","other","at_home","course","mother","<15min","5-10hrs","0","yes","yes","no","no","yes","yes","yes","no","Excellent","Average","VeryHigh","VeryLow","VeryLow","Average",2,13
"GP","M",16,"U","GT3","T","Higher","Higher","services","services","other","mother","<15min","<2hrs","0","yes","yes","no","yes","yes","yes","yes","no","Good","VeryHigh","VeryHigh","VeryHigh","VeryHigh","Good",12,8
"GP","M",16,"U","GT3","T","Higher","Higher","services","teacher","other","father","<15min","5-10hrs","0","no","yes","no","yes","yes","yes","yes","yes","Good","High","Average","VeryLow","VeryLow","Good",0,16
"GP","M",15,"U","GT3","T","Higher","Higher","services","other","course","mother","<15min","<2hrs","0","no","yes","yes","yes","no","yes","yes","no","Excellent","Average","Average","VeryLow","VeryLow","VeryGood",2,12
"GP","F",15,"U","GT3","T","Secondary","5th-9th","services","other","home","mother","15-30min","2-5hrs","0","yes","yes","no","no","yes","yes","yes","no","Good","Average","VeryHigh","VeryLow","VeryLow","Bad",16,10
"GP","M",15,"U","GT3","A","Secondary","Higher","services","other","course","mother","<15min","2-5hrs","0","no","yes","no","yes","yes","yes","yes","no","Excellent","High","High","VeryLow","VeryLow","VeryBad",0,16
"GP","F",15,"U","GT3","A","Secondary","Secondary","other","health","reputation","father","<15min",">10hrs","0","yes","no","no","no","yes","yes","no","no","Good","Average","Average","VeryLow","VeryLow","Good",10,10
"GP","F",15,"U","GT3","T","5th-9th","5th-9th","other","other","course","mother","<15min",">10hrs","0","yes","yes","no","no","yes","yes","yes","no","Excellent","VeryLow","Low","VeryLow","VeryLow","Average",4,10
"GP","M",16,"U","GT3","T","Secondary","Secondary","services","other","home","father","<15min","5-10hrs","0","no","yes","no","yes","yes","yes","yes","no","Excellent","Average","Average","VeryLow","VeryLow","VeryGood",4,14
"GP","M",15,"R","GT3","T","Higher","Higher","other","other","home","father",">1hr",">10hrs","0","no","yes","no","yes","yes","yes","yes","yes","VeryBad","Average","VeryHigh","Average","VeryHigh","VeryBad",8,11
"GP","F",16,"U","LE3","T","Higher","Higher","health","health","other","mother","<15min","5-10hrs","0","no","yes","no","yes","yes","yes","yes","yes","Excellent","High","VeryHigh","VeryLow","VeryLow","Good",2,14
"GP","M",15,"U","LE3","A","Higher","Higher","teacher","teacher","course","mother","<15min","<2hrs","0","no","no","no","yes","yes","yes","yes","no","Excellent","VeryHigh","Average","VeryLow","VeryLow","Good",4,14
"GP","F",16,"R","GT3","T","Secondary","Secondary","services","other","reputation","father","<15min","5-10hrs","0","yes","yes","no","yes","yes","yes","yes","no","Good","VeryLow","Low","VeryLow","VeryLow","Bad",4,11
"GP","F",16,"U","GT3","T","5th-9th","5th-9th","at_home","other","home","mother","<15min","2-5hrs","1","yes","no","no","yes","yes","yes","yes","no","Average","VeryLow","Low","VeryLow","VeryLow","VeryGood",12,10
"GP","M",15,"U","LE3","T","Higher","5th-9th","teacher","other","course","mother","<15min","<2hrs","0","no","no","no","no","yes","yes","yes","no","Average","VeryHigh","Low","VeryLow","VeryLow","Average",10,18
"GP","M",15,"R","GT3","T","5th-9th","Primary","health","services","reputation","mother","<15min","2-5hrs","0","no","no","no","yes","yes","yes","yes","yes","Excellent","High","Low","VeryLow","VeryLow","VeryGood",4,10
"GP","M",16,"U","GT3","T","Higher","Higher","teacher","teacher","course","father","<15min","2-5hrs","0","no","yes","no","yes","yes","yes","yes","no","Excellent","High","High","VeryLow","Low","VeryGood",6,14
"GP","M",15,"U","GT3","T","Higher","Higher","other","teacher","reputation","father","15-30min","2-5hrs","0","no","yes","no","yes","yes","yes","no","no","Good","High","Average","VeryLow","VeryLow","Bad",4,16
"GP","M",16,"U","GT3","T","Secondary","Secondary","other","services","home","father","15-30min","<2hrs","0","no","no","no","yes","yes","yes","yes","no","Excellent","High","Low","VeryLow","VeryLow","VeryGood",6,15
"GP","M",17,"R","GT3","T","Primary","Secondary","other","other","course","father","30min-1hr","2-5hrs","1","no","yes","no","yes","yes","yes","yes","no","Excellent","Low","High","VeryLow","High","VeryGood",14,11
"GP","M",15,"U","GT3","T","Secondary","Higher","other","other","reputation","father","<15min","<2hrs","0","no","no","no","no","yes","yes","yes","no","Average","High","Average","VeryLow","Low","Good",2,14
"GP","F",15,"U","GT3","T","Primary","5th-9th","at_home","services","course","mother","<15min","2-5hrs","0","no","no","no","no","no","yes","yes","no","Average","Low","Average","VeryLow","Low","VeryBad",0,14
"GP","M",15,"U","GT3","T","5th-9th","5th-9th","services","services","home","father","<15min",">10hrs","0","no","yes","no","yes","yes","yes","yes","no","Excellent","VeryHigh","High","VeryLow","Low","VeryGood",6,13
"GP","F",16,"U","LE3","T","5th-9th","Higher","other","health","course","father","15-30min","2-5hrs","0","no","yes","no","yes","yes","yes","yes","yes","Good","Low","Low","VeryLow","Low","VeryGood",2,13
"GP","M",16,"U","GT3","T","Higher","Higher","health","other","course","mother","<15min","<2hrs","0","no","yes","no","yes","yes","yes","yes","no","Average","High","High","VeryLow","High","VeryGood",4,13
"GP","F",16,"U","GT3","T","5th-9th","5th-9th","other","other","home","mother","<15min","2-5hrs","0","no","no","no","no","yes","yes","yes","yes","Excellent","High","High","VeryLow","VeryLow","VeryGood",0,11
"GP","M",15,"U","GT3","T","Secondary","Higher","services","services","home","father","<15min","<2hrs","0","yes","no","no","no","yes","yes","yes","no","Excellent","VeryHigh","VeryHigh","Average","Low","VeryGood",2,9
"GP","F",15,"U","LE3","A","Secondary","Higher","other","other","home","mother","<15min","2-5hrs","0","yes","no","no","yes","yes","yes","yes","yes","Excellent","Average","Low","VeryLow","VeryLow","VeryBad",0,11
"GP","F",19,"U","GT3","T","None","Primary","at_home","other","course","other","<15min","2-5hrs","2","no","yes","no","no","no","no","no","no","Average","High","Low","VeryLow","VeryLow","VeryGood",0,11
"GP","M",16,"R","GT3","T","Higher","Higher","teacher","teacher","course","mother","<15min","<2hrs","0","no","no","no","yes","yes","yes","yes","no","Average","VeryHigh","VeryHigh","Low","VeryHigh","Good",8,15
"GP","M",16,"U","GT3","T","5th-9th","Secondary","other","other","course","mother","15-30min","5-10hrs","0","no","yes","no","no","no","yes","yes","yes","Average","Low","Average","Low","Low","VeryBad",4,13
"GP","F",15,"R","GT3","T","Secondary","Higher","services","teacher","course","father","15-30min","5-10hrs","0","no","yes","no","no","yes","yes","yes","yes","Good","Low","Low","Low","Low","VeryGood",0,12
"GP","F",18,"U","GT3","T","5th-9th","Primary","services","other","reputation","mother","<15min","2-5hrs","3","no","yes","no","yes","yes","no","yes","yes","Excellent","High","VeryHigh","VeryLow","Average","VeryGood",10,8
"GP","F",17,"U","LE3","A","5th-9th","Primary","other","other","course","mother","30min-1hr","<2hrs","0","no","yes","no","no","yes","yes","yes","no","Average","Low","Low","VeryLow","Low","VeryGood",8,11
"GP","F",15,"U","GT3","T","Primary","Primary","at_home","other","course","mother","30min-1hr","<2hrs","0","no","yes","no","yes","no","yes","yes","yes","Good","Average","Average","VeryLow","Low","Good",6,13
"GP","F",17,"U","LE3","T","5th-9th","5th-9th","other","other","course","father","<15min","<2hrs","0","no","yes","no","no","yes","yes","yes","yes","Average","High","High","VeryLow","Average","VeryGood",2,12
"GP","F",16,"U","GT3","A","Secondary","Higher","services","other","course","father","<15min","<2hrs","0","no","no","no","no","yes","yes","yes","no","Average","Low","VeryLow","VeryLow","High","VeryGood",12,14
"GP","M",16,"U","GT3","T","5th-9th","Primary","at_home","other","course","mother",">1hr","<2hrs","0","no","no","no","no","yes","yes","no","no","Average","Low","VeryLow","VeryLow","VeryLow","Bad",4,11
"GP","F",16,"U","GT3","A","5th-9th","5th-9th","other","other","home","mother","<15min","<2hrs","1","no","no","no","no","yes","yes","no","no","Excellent","Average","High","VeryLow","VeryLow","VeryGood",12,11
"GP","M",15,"R","GT3","T","Secondary","Higher","at_home","teacher","course","mother",">1hr","2-5hrs","0","no","yes","no","no","yes","yes","no","yes","Excellent","Average","Average","VeryLow","VeryLow","VeryGood",2,11
"GP","F",15,"U","GT3","T","Higher","Higher","services","at_home","course","mother","<15min","5-10hrs","0","no","yes","no","yes","yes","yes","yes","yes","Good","Average","Average","VeryLow","VeryLow","VeryGood",4,15
"GP","M",17,"R","GT3","T","Secondary","Higher","at_home","other","course","mother","30min-1hr","2-5hrs","0","no","no","no","no","yes","yes","no","no","Excellent","High","VeryHigh","Low","High","VeryGood",2,10
"GP","F",16,"R","GT3","T","Primary","Primary","at_home","other","course","mother",">1hr","2-5hrs","0","no","yes","no","no","yes","yes","no","no","Excellent","VeryLow","Average","VeryLow","VeryLow","Average",0,13
"GP","M",18,"U","LE3","T","Secondary","Primary","services","services","course","mother","15-30min","<2hrs","0","no","no","no","yes","yes","yes","yes","yes","Average","Average","High","High","VeryHigh","Good",2,12
"GP","F",18,"U","GT3","A","Secondary","5th-9th","other","services","course","other","<15min","5-10hrs","0","no","yes","no","yes","no","yes","yes","yes","Good","Average","Average","VeryHigh","VeryLow","VeryGood",10,11
"GP","F",16,"R","GT3","T","Primary","Primary","other","services","reputation","mother","15-30min","<2hrs","0","no","yes","no","yes","yes","yes","no","yes","Average","Average","Average","VeryLow","Low","VeryBad",8,11
"GP","F",16,"U","GT3","A","Secondary","Secondary","other","other","course","other","15-30min","<2hrs","0","no","yes","no","yes","no","yes","yes","yes","Good","Average","Low","VeryLow","VeryLow","VeryGood",4,10
"GP","M",16,"U","LE3","T","Primary","Primary","services","other","course","mother","<15min","2-5hrs","2","no","no","no","no","yes","yes","no","yes","Good","High","High","VeryLow","Average","VeryGood",0,10
"GP","F",15,"U","GT3","T","Higher","Higher","teacher","teacher","course","mother","15-30min","<2hrs","0","no","no","no","yes","yes","yes","yes","no","Good","Average","Low","VeryLow","VeryLow","VeryGood",6,14
"GP","F",15,"R","GT3","T","Primary","Primary","other","other","course","mother","30min-1hr","<2hrs","1","no","no","no","yes","yes","yes","yes","yes","Excellent","VeryHigh","VeryHigh","VeryLow","VeryLow","VeryBad",2,9
"GP","M",15,"U","GT3","T","Higher","Secondary","teacher","services","course","father","15-30min",">10hrs","0","yes","yes","no","no","yes","yes","yes","no","Bad","Low","Low","VeryLow","VeryLow","Average",6,11
"GP","F",15,"U","GT3","A","Secondary","Secondary","services","services","home","mother","<15min","2-5hrs","0","no","no","no","no","no","yes","no","yes","VeryBad","Average","Low","Low","Average","VeryBad",24,9
"GP","M",16,"U","GT3","T","Higher","Higher","services","services","course","mother","<15min","5-10hrs","0","no","yes","no","yes","yes","yes","yes","no","Excellent","Average","Average","VeryLow","Average","VeryGood",0,13
"GP","M",16,"U","LE3","T","5th-9th","5th-9th","services","services","reputation","father","15-30min","<2hrs","0","no","yes","no","yes","yes","yes","yes","no","Bad","Average","Average","Low","Low","Bad",4,11
"GP","F",15,"U","GT3","T","Higher","Higher","teacher","services","course","mother","<15min","5-10hrs","0","no","yes","no","yes","yes","yes","yes","no","Good","Low","Low","VeryLow","VeryLow","VeryGood",2,13
"GP","F",16,"U","LE3","T","Primary","Primary","at_home","at_home","course","mother","<15min","<2hrs","0","no","no","no","no","yes","yes","yes","no","Average","High","High","Average","Average","VeryBad",4,11
"GP","M",17,"U","GT3","T","5th-9th","Primary","other","other","home","mother","<15min","<2hrs","0","no","yes","no","no","yes","yes","yes","no","Excellent","High","VeryHigh","VeryLow","Low","VeryGood",22,6
"GP","F",15,"U","GT3","T","Primary","Primary","other","services","course","father","<15min","2-5hrs","0","no","yes","no","no","yes","yes","yes","no","Good","High","Low","VeryLow","Low","VeryGood",0,12
"GP","F",15,"U","LE3","A","5th-9th","Primary","at_home","other","home","mother","15-30min","<2hrs","0","no","yes","no","yes","yes","no","yes","yes","Good","High","Low","VeryLow","VeryLow","VeryGood",0,10
"GP","F",15,"U","GT3","T","Secondary","5th-9th","health","services","home","father","<15min","2-5hrs","1","no","yes","no","no","yes","yes","yes","no","Average","Average","Low","VeryLow","VeryLow","Average",2,11
"GP","F",15,"U","GT3","T","Primary","5th-9th","at_home","other","course","mother","<15min","2-5hrs","0","no","yes","no","no","no","yes","yes","no","Good","Average","Low","VeryLow","VeryLow","VeryGood",6,13
"GP","F",15,"U","GT3","T","Primary","5th-9th","at_home","services","course","father","<15min","2-5hrs","0","no","no","no","no","no","yes","no","yes","Bad","Average","High","Low","High","VeryBad",6,11
"GP","M",16,"U","GT3","T","Higher","Higher","teacher","teacher","course","mother","<15min","<2hrs","0","no","yes","no","no","yes","no","yes","yes","Average","Average","Low","Low","VeryLow","VeryGood",16,8
"GP","M",15,"U","LE3","A","5th-9th","Primary","services","other","course","mother",">1hr","<2hrs","0","no","no","no","no","yes","yes","yes","no","Good","VeryHigh","VeryHigh","Low","VeryHigh","VeryGood",0,11
"GP","M",18,"U","LE3","T","Primary","Primary","other","other","course","mother","<15min","<2hrs","2","no","no","no","no","yes","no","yes","yes","Bad","Average","VeryHigh","Low","VeryHigh","Good",0,0
"GP","M",16,"U","LE3","T","5th-9th","Primary","at_home","other","course","mother","<15min","<2hrs","1","no","no","no","yes","yes","yes","no","yes","Good","High","High","Average","VeryHigh","VeryGood",6,10
"GP","F",15,"R","GT3","T","Secondary","Secondary","services","services","reputation","other","15-30min","5-10hrs","0","no","yes","yes","yes","yes","yes","yes","yes","Good","Low","VeryLow","Low","Average","Average",2,13
"GP","M",19,"U","GT3","T","Secondary","5th-9th","services","at_home","home","mother","<15min","<2hrs","0","no","yes","no","no","yes","no","yes","yes","Good","VeryHigh","High","VeryLow","VeryLow","Good",6,11
"GP","F",17,"U","GT3","T","Higher","Higher","other","teacher","course","mother","<15min","<2hrs","0","yes","yes","no","no","yes","yes","no","yes","Good","Low","VeryLow","VeryLow","VeryLow","Good",0,13
"GP","M",15,"R","GT3","T","5th-9th","Secondary","at_home","services","course","mother","<15min","2-5hrs","0","yes","no","yes","yes","yes","yes","no","no","Good","High","High","VeryLow","VeryLow","VeryBad",0,8
"GP","M",17,"R","LE3","T","Primary","5th-9th","other","other","reputation","mother","<15min","<2hrs","3","no","no","no","no","yes","yes","no","no","Bad","Low","Low","Average","Average","VeryGood",14,10
"GP","F",18,"R","GT3","T","Primary","Primary","at_home","other","course","mother","30min-1hr","<2hrs","3","no","yes","no","yes","no","yes","no","no","Excellent","Low","VeryHigh","VeryLow","VeryHigh","Good",6,11
"GP","M",16,"R","GT3","T","5th-9th","5th-9th","at_home","other","course","mother","30min-1hr","<2hrs","0","no","no","no","no","no","yes","no","no","Good","Low","Low","VeryLow","Low","Average",4,11
"GP","M",16,"U","GT3","T","Secondary","Secondary","other","services","course","father","<15min","2-5hrs","1","no","yes","no","no","yes","yes","yes","yes","Good","VeryHigh","VeryHigh","High","High","VeryGood",0,1
"GP","M",16,"U","LE3","T","Primary","5th-9th","health","services","course","mother","15-30min","<2hrs","2","no","no","no","no","no","yes","yes","no","Good","High","VeryHigh","Average","VeryHigh","VeryGood",0,10
"GP","M",17,"R","LE3","T","5th-9th","Primary","at_home","other","course","mother","15-30min","<2hrs","1","no","no","yes","yes","yes","no","yes","yes","Average","Average","Low","Low","Low","VeryGood",8,9
"GP","M",17,"R","GT3","T","Secondary","5th-9th","other","other","course","mother","15-30min","2-5hrs","2","yes","yes","no","no","yes","yes","yes","yes","Good","High","High","VeryLow","High","Average",4,8
"GP","M",15,"U","LE3","T","Primary","5th-9th","other","other","course","mother","15-30min","<2hrs","0","no","no","no","yes","yes","yes","no","no","Good","High","High","Low","High","VeryGood",2,10
"GP","M",16,"U","GT3","T","Primary","Secondary","at_home","services","course","father","<15min","<2hrs","1","no","no","no","no","yes","no","yes","no","Excellent","Average","Average","VeryLow","High","Bad",2,8
"GP","M",17,"R","LE3","T","Primary","Primary","other","services","course","mother",">1hr","2-5hrs","0","no","no","no","yes","yes","no","no","yes","Excellent","Average","VeryHigh","VeryLow","VeryHigh","VeryGood",0,8
"GP","M",17,"U","GT3","T","Secondary","5th-9th","services","services","course","mother","15-30min","<2hrs","3","no","yes","no","yes","no","no","no","no","Good","VeryHigh","Low","VeryLow","VeryLow","Bad",10,8
"GP","M",16,"U","GT3","T","5th-9th","5th-9th","other","other","course","father","<15min","2-5hrs","0","no","no","no","no","yes","no","yes","no","Good","Average","VeryHigh","Low","High","Good",0,11
"GP","F",16,"U","GT3","T","Higher","5th-9th","health","services","home","father","<15min","2-5hrs","0","no","no","no","no","yes","yes","yes","yes","Good","Low","Average","VeryLow","VeryLow","Average",0,18
"GP","F",16,"U","GT3","T","5th-9th","5th-9th","other","other","home","mother","<15min","2-5hrs","0","no","yes","no","no","no","yes","yes","no","Excellent","VeryLow","VeryHigh","VeryLow","VeryLow","Good",0,13
"GP","F",16,"U","GT3","T","Higher","Higher","health","health","reputation","mother","<15min","2-5hrs","0","no","yes","no","no","yes","yes","yes","yes","Good","High","Low","VeryLow","VeryLow","Average",0,17
"GP","M",16,"U","GT3","T","Secondary","Higher","other","other","course","father","30min-1hr","<2hrs","1","no","yes","no","yes","no","yes","yes","no","Average","High","VeryHigh","Low","High","Bad",4,10
"GP","M",16,"U","GT3","T","Primary","None","other","other","reputation","mother","15-30min","2-5hrs","0","no","yes","no","yes","yes","yes","yes","yes","Good","Average","Low","VeryLow","VeryLow","Average",0,18
"GP","M",17,"U","LE3","T","Higher","Higher","teacher","other","reputation","mother","<15min","2-5hrs","0","no","yes","no","yes","yes","yes","yes","no","Good","High","High","VeryLow","Average","VeryGood",0,10
"GP","F",16,"U","GT3","T","Primary","Secondary","at_home","services","home","mother","<15min","2-5hrs","0","no","no","no","yes","no","yes","yes","yes","Good","Average","VeryHigh","VeryLow","VeryLow","Average",0,13
"GP","F",16,"U","LE3","T","Secondary","Secondary","other","other","reputation","mother","15-30min","2-5hrs","0","no","yes","no","yes","yes","yes","yes","no","Good","High","VeryHigh","VeryLow","VeryLow","Good",0,15
"GP","M",17,"U","LE3","T","Higher","Secondary","teacher","other","course","mother","15-30min","2-5hrs","0","no","no","no","yes","yes","yes","yes","no","Good","High","High","High","High","Good",0,11
"GP","F",16,"U","GT3","T","5th-9th","5th-9th","services","other","reputation","mother","15-30min","2-5hrs","0","no","no","no","yes","no","yes","yes","no","Average","High","High","VeryLow","High","VeryGood",0,14
"GP","M",17,"U","GT3","T","Secondary","Secondary","other","other","reputation","father","<15min","2-5hrs","0","no","no","no","yes","no","yes","yes","no","Good","Average","High","VeryLow","High","Good",4,10
"GP","M",16,"R","GT3","T","Higher","5th-9th","teacher","services","other","mother","<15min","<2hrs","0","no","yes","no","yes","yes","yes","yes","yes","Good","Average","Average","Average","High","Average",8,11
"GP","M",17,"U","GT3","T","Higher","Secondary","other","other","course","mother","<15min","2-5hrs","0","no","yes","yes","yes","yes","yes","yes","yes","Excellent","Low","Average","VeryLow","VeryLow","Bad",4,13
"GP","M",16,"U","GT3","T","Higher","Secondary","teacher","other","home","mother","<15min","2-5hrs","0","no","yes","yes","yes","yes","yes","yes","no","Average","High","Average","Low","Average","Average",4,11
"GP","M",16,"U","GT3","T","Secondary","Secondary","services","other","home","mother","<15min","2-5hrs","0","no","no","no","yes","yes","yes","yes","yes","Good","Low","Average","VeryLow","Low","Average",0,13
"GP","F",17,"U","GT3","T","5th-9th","Higher","services","services","reputation","father","<15min","2-5hrs","0","no","yes","no","yes","yes","yes","no","no","Excellent","High","Low","Low","Average","VeryGood",0,17
"GP","F",17,"U","LE3","T","Secondary","Secondary","other","other","reputation","mother","<15min","2-5hrs","0","no","yes","no","yes","yes","yes","yes","yes","Excellent","Average","Average","Low","Average","VeryBad",32,14
"GP","F",16,"U","GT3","T","Secondary","5th-9th","other","other","reputation","mother","<15min","2-5hrs","0","no","yes","no","no","yes","yes","yes","no","VeryBad","Low","Low","VeryLow","Low","VeryBad",8,16
"GP","M",17,"U","GT3","T","Secondary","Secondary","services","services","other","mother","<15min","2-5hrs","0","no","yes","no","yes","yes","yes","yes","yes","Good","Average","High","Low","Average","Good",6,14
"GP","M",16,"U","GT3","T","Primary","5th-9th","services","services","other","mother","<15min","<2hrs","0","no","yes","no","yes","yes","yes","yes","yes","Average","Average","Average","VeryLow","Low","Average",0,11
"GP","M",16,"U","LE3","T","5th-9th","Primary","other","other","course","mother","<15min","2-5hrs","0","no","no","no","yes","yes","yes","yes","yes","Good","Low","Average","VeryLow","Low","VeryGood",0,16
"GP","F",17,"U","GT3","A","Secondary","Secondary","health","other","reputation","mother","<15min","2-5hrs","0","no","yes","no","no","no","yes","yes","yes","Average","Average","Average","VeryLow","Average","Average",10,14
"GP","M",17,"R","GT3","T","Primary","5th-9th","at_home","other","home","mother","<15min","2-5hrs","0","no","no","no","no","yes","yes","no","no","Average","VeryLow","Average","VeryLow","VeryHigh","Average",6,10
"GP","F",16,"U","GT3","T","5th-9th","Secondary","services","services","course","mother","<15min","2-5hrs","0","no","no","no","no","yes","yes","yes","no","Good","Average","Average","VeryLow","VeryLow","Bad",6,13
"GP","F",17,"U","GT3","T","Primary","Primary","at_home","services","course","mother","<15min","2-5hrs","0","no","no","no","yes","yes","yes","yes","no","Excellent","Average","Average","VeryLow","VeryLow","Average",0,12
"GP","M",17,"U","GT3","T","Primary","5th-9th","at_home","services","other","other","15-30min","2-5hrs","0","no","no","no","yes","no","yes","yes","no","Good","High","High","High","VeryHigh","VeryGood",16,12
"GP","M",16,"R","GT3","T","Secondary","Secondary","services","services","reputation","mother","<15min","<2hrs","0","no","yes","no","yes","yes","yes","yes","no","Good","Average","Low","Average","High","VeryGood",0,10
"GP","M",16,"U","GT3","T","5th-9th","Secondary","other","other","home","father","15-30min","<2hrs","0","no","no","no","no","yes","yes","yes","no","Excellent","Average","Average","VeryLow","VeryLow","Average",0,12
"GP","F",17,"U","LE3","T","5th-9th","Higher","services","services","course","father","<15min","2-5hrs","0","no","no","no","yes","yes","yes","yes","yes","Good","Average","Low","VeryLow","VeryLow","VeryGood",8,16
"GP","M",17,"U","GT3","T","Higher","Higher","services","teacher","home","mother","<15min","<2hrs","0","no","no","no","no","yes","yes","yes","no","Excellent","Low","Average","VeryLow","Low","VeryGood",4,14
"GP","M",16,"R","LE3","T","Secondary","Secondary","teacher","other","home","father","30min-1hr","<2hrs","0","no","yes","no","yes","yes","yes","yes","no","Average","Average","High","Average","VeryHigh","Average",16,12
"GP","F",17,"U","GT3","T","Higher","Higher","services","teacher","home","mother","15-30min","<2hrs","1","no","yes","no","no","yes","yes","yes","no","Good","Low","High","Low","Average","Bad",30,16
"GP","F",16,"U","LE3","T","Higher","Higher","teacher","teacher","reputation","mother","<15min","2-5hrs","0","no","yes","no","no","yes","yes","yes","no","Good","VeryHigh","Low","VeryLow","Low","Average",0,11
"GP","F",16,"U","GT3","T","Higher","Secondary","health","other","home","mother","<15min","2-5hrs","0","no","yes","no","yes","yes","yes","yes","no","Good","Average","VeryHigh","VeryLow","VeryHigh","Bad",2,15
"GP","F",16,"U","GT3","T","5th-9th","Secondary","other","other","reputation","mother","<15min","2-5hrs","0","yes","yes","no","yes","yes","yes","no","no","Good","High","Average","VeryLow","Average","Good",4,12
"GP","F",17,"U","GT3","T","Primary","Primary","other","other","course","mother","<15min","2-5hrs","0","no","yes","no","no","no","yes","no","no","Good","High","High","VeryLow","Average","VeryBad",0,15
"GP","F",17,"R","GT3","T","5th-9th","5th-9th","other","other","reputation","mother","<15min","<2hrs","0","no","yes","no","no","yes","yes","yes","no","Excellent","Average","Low","VeryLow","Low","Average",21,13
"GP","F",16,"R","GT3","T","5th-9th","5th-9th","services","services","reputation","mother","15-30min",">10hrs","0","no","yes","no","yes","no","yes","yes","no","Excellent","Average","VeryHigh","VeryLow","VeryLow","VeryGood",6,13
"GP","F",17,"U","GT3","T","Secondary","Higher","at_home","services","home","mother","<15min","5-10hrs","1","no","yes","yes","no","yes","yes","yes","yes","Good","High","Average","Average","High","VeryGood",14,8
"GP","F",16,"U","GT3","A","Secondary","Primary","services","other","course","mother","<15min","2-5hrs","0","no","yes","no","no","yes","yes","yes","no","Bad","Average","Average","Low","Low","Good",2,12
"GP","F",16,"U","GT3","T","Higher","Secondary","teacher","other","other","mother","<15min","2-5hrs","0","no","no","no","yes","yes","yes","yes","yes","VeryBad","Average","Low","VeryLow","VeryLow","VeryBad",4,15
"GP","F",16,"U","GT3","T","Primary","Primary","at_home","other","home","mother","15-30min","<2hrs","0","no","yes","no","no","yes","yes","no","no","Good","Average","Low","VeryLow","High","VeryGood",2,13
"GP","F",17,"R","GT3","T","Higher","Secondary","teacher","other","reputation","mother","15-30min","5-10hrs","0","no","yes","no","yes","yes","yes","yes","yes","Good","High","Low","VeryLow","VeryLow","Good",0,12
"GP","F",19,"U","GT3","T","Secondary","Secondary","other","other","reputation","other","<15min",">10hrs","0","no","yes","no","yes","yes","yes","yes","no","Good","Average","Average","VeryLow","Low","Average",4,12
"GP","M",17,"U","LE3","T","Higher","Higher","services","other","home","mother","<15min","2-5hrs","0","no","yes","no","no","yes","yes","yes","yes","Excellent","Average","VeryHigh","High","VeryHigh","Average",15,12
"GP","F",16,"U","GT3","A","5th-9th","5th-9th","other","other","reputation","mother","<15min","2-5hrs","0","yes","yes","no","no","yes","yes","yes","no","Average","Average","High","VeryLow","VeryLow","Good",0,13
"GP","M",18,"U","GT3","T","5th-9th","5th-9th","services","other","home","mother","<15min","2-5hrs","0","no","yes","no","yes","yes","yes","yes","no","Good","High","High","Low","High","VeryGood",10,11
"GP","F",17,"R","LE3","T","Higher","Higher","services","other","other","mother","<15min","<2hrs","0","no","yes","no","no","yes","yes","no","no","Excellent","Low","VeryLow","VeryLow","Low","Average",6,11
"GP","F",17,"U","LE3","T","Secondary","5th-9th","other","other","reputation","mother","15-30min","2-5hrs","0","no","no","no","no","yes","yes","yes","no","Good","High","High","VeryLow","Average","VeryBad",2,15
"GP","F",17,"U","GT3","T","Higher","Secondary","other","other","reputation","mother","<15min","2-5hrs","0","no","no","no","no","yes","yes","yes","yes","Average","High","VeryHigh","Low","High","VeryBad",16,10
"GP","M",18,"U","LE3","T","Secondary","Secondary","services","health","home","father","<15min","2-5hrs","0","no","yes","no","no","yes","yes","yes","no","Average","Low","High","Low","High","Good",10,10
"GP","F",17,"U","GT3","T","5th-9th","Secondary","at_home","other","home","father","15-30min","<2hrs","0","no","yes","no","no","yes","yes","no","no","Average","Average","Average","VeryLow","High","Average",4,13
"GP","F",17,"U","GT3","T","5th-9th","5th-9th","at_home","at_home","course","mother","<15min","5-10hrs","0","no","yes","no","yes","yes","yes","yes","no","Good","Average","Average","VeryLow","VeryLow","Good",0,13
"GP","F",17,"R","GT3","T","5th-9th","Primary","at_home","services","reputation","mother","15-30min","2-5hrs","0","no","yes","no","yes","yes","yes","yes","no","Good","Low","VeryHigh","VeryLow","Low","VeryGood",0,11
"GP","F",17,"U","GT3","T","Primary","Primary","at_home","other","reputation","mother","<15min","5-10hrs","0","no","yes","no","yes","yes","yes","no","yes","Good","Average","High","VeryLow","VeryLow","VeryGood",12,12
"GP","F",16,"U","GT3","T","5th-9th","Secondary","services","teacher","other","mother","<15min","2-5hrs","0","yes","no","no","no","yes","yes","yes","no","Bad","Average","VeryLow","VeryLow","VeryLow","Average",0,14
"GP","M",18,"U","GT3","T","5th-9th","5th-9th","other","other","home","mother","15-30min","2-5hrs","3","no","yes","yes","no","yes","yes","yes","no","Average","Average","Average","VeryHigh","VeryHigh","Good",9,10
"GP","F",16,"U","GT3","T","Higher","Higher","teacher","services","home","mother","<15min","5-10hrs","0","no","yes","no","yes","no","yes","yes","no","Excellent","Average","Low","VeryLow","VeryLow","VeryGood",4,16
"GP","F",18,"R","GT3","T","Secondary","Primary","other","other","reputation","mother","<15min","2-5hrs","0","no","no","no","yes","yes","yes","yes","yes","Excellent","Average","Average","VeryLow","VeryLow","Good",4,8
"GP","F",17,"U","GT3","T","Secondary","5th-9th","other","other","course","mother","<15min","2-5hrs","0","no","no","no","yes","no","yes","yes","no","Excellent","Average","High","VeryLow","Average","Average",2,17
"GP","M",17,"U","LE3","T","5th-9th","Secondary","services","services","reputation","father","<15min","2-5hrs","0","no","yes","no","no","no","yes","yes","no","Excellent","Average","Average","VeryLow","Average","Average",0,11
"GP","M",18,"U","LE3","T","5th-9th","Primary","at_home","other","course","mother",">1hr","2-5hrs","0","yes","yes","no","yes","yes","yes","yes","yes","Good","Average","Low","High","VeryHigh","Average",2,11
"GP","F",17,"U","GT3","A","5th-9th","Primary","other","other","course","mother","15-30min","5-10hrs","0","no","no","no","yes","yes","yes","yes","yes","Average","Low","Average","VeryLow","Low","Average",0,16
"GP","F",17,"U","LE3","T","Higher","Secondary","health","other","reputation","father","<15min","2-5hrs","0","no","no","no","yes","yes","yes","yes","yes","Average","Low","Average","VeryLow","Low","Average",0,12
"GP","M",17,"R","GT3","T","5th-9th","5th-9th","other","other","course","father","15-30min","2-5hrs","0","no","yes","no","yes","yes","yes","yes","no","Good","VeryHigh","Low","VeryLow","VeryLow","VeryBad",0,13
"GP","M",17,"U","GT3","T","Higher","Higher","teacher","teacher","reputation","mother","<15min","2-5hrs","0","yes","yes","no","yes","yes","yes","yes","yes","Good","VeryHigh","VeryHigh","VeryLow","Average","Bad",0,13
"GP","M",16,"U","GT3","T","Higher","Higher","health","other","reputation","father","<15min","2-5hrs","0","no","yes","no","yes","yes","yes","yes","no","Good","Low","High","Low","High","VeryBad",0,14
"GP","M",16,"U","LE3","T","Primary","Primary","other","other","home","mother","15-30min","2-5hrs","0","no","yes","no","no","yes","yes","yes","no","Average","High","Low","VeryLow","VeryLow","VeryGood",2,9
"GP","M",16,"U","GT3","T","Secondary","5th-9th","at_home","other","reputation","mother","15-30min","5-10hrs","0","no","no","no","yes","yes","yes","yes","yes","Excellent","Average","Average","VeryLow","Average","Bad",0,12
"GP","M",17,"U","LE3","T","5th-9th","5th-9th","other","other","home","father","<15min","2-5hrs","0","no","no","no","yes","no","yes","yes","yes","Good","High","Low","VeryHigh","VeryHigh","Good",0,16
"GP","F",16,"U","GT3","T","5th-9th","Primary","other","other","home","mother","<15min","<2hrs","0","no","no","no","no","yes","yes","yes","yes","Good","VeryHigh","Low","VeryLow","VeryLow","VeryGood",4,10
"GP","F",16,"U","GT3","A","Higher","Primary","other","other","home","mother","<15min","2-5hrs","0","no","no","no","yes","yes","yes","yes","yes","Excellent","Average","Average","VeryLow","Low","VeryGood",0,13
"GP","F",18,"U","LE3","A","5th-9th","Higher","services","other","course","mother","15-30min","2-5hrs","1","no","yes","no","no","yes","yes","yes","no","Good","Average","Average","VeryLow","VeryLow","Average",18,10
"GP","F",18,"U","LE3","T","5th-9th","5th-9th","at_home","services","course","mother","<15min","2-5hrs","1","no","yes","no","no","no","yes","yes","yes","Excellent","Average","VeryLow","VeryLow","VeryLow","VeryGood",16,10
"GP","F",18,"U","GT3","T","Secondary","Secondary","other","other","course","mother","15-30min","<2hrs","1","no","no","no","no","yes","no","yes","no","Good","VeryLow","VeryLow","VeryLow","VeryLow","Average",14,7
"GP","M",18,"U","GT3","T","5th-9th","5th-9th","other","at_home","course","other","<15min","<2hrs","1","no","yes","no","yes","no","no","yes","yes","Good","High","Average","Low","Low","VeryBad",26,8
"GP","M",17,"U","GT3","T","Higher","Higher","teacher","teacher","course","mother","<15min","<2hrs","0","no","yes","no","yes","no","yes","yes","no","Good","Low","VeryLow","VeryLow","Low","VeryGood",6,9
"GP","F",17,"U","GT3","T","Secondary","5th-9th","other","other","course","father","<15min","2-5hrs","0","no","no","no","yes","yes","yes","no","no","Excellent","High","Low","VeryLow","VeryLow","Average",4,15
"GP","F",17,"U","LE3","T","Primary","Primary","at_home","at_home","course","mother","<15min","5-10hrs","0","no","yes","no","yes","yes","yes","yes","yes","Good","Average","Low","VeryLow","Low","Good",10,10
"GP","F",16,"U","GT3","T","Primary","5th-9th","other","other","course","mother","<15min","<2hrs","0","no","no","no","no","yes","no","yes","no","Excellent","Average","VeryHigh","VeryLow","Low","VeryGood",4,11
"GP","F",17,"R","GT3","T","5th-9th","Primary","at_home","services","course","mother","30min-1hr","2-5hrs","0","no","no","no","yes","yes","yes","no","no","Bad","VeryLow","VeryLow","VeryLow","VeryLow","Average",2,13
"GP","F",17,"R","LE3","A","Primary","Higher","other","other","course","other",">1hr","<2hrs","1","no","yes","no","no","yes","yes","yes","no","Excellent","VeryHigh","High","VeryLow","VeryLow","VeryGood",14,8
"GP","M",18,"U","GT3","T","5th-9th","5th-9th","other","services","reputation","father","<15min","2-5hrs","0","no","no","no","no","yes","no","yes","no","Excellent","VeryHigh","High","Average","VeryHigh","Bad",16,8
"GP","F",17,"U","LE3","A","5th-9th","5th-9th","other","other","home","mother","<15min","<2hrs","1","no","yes","no","no","no","no","yes","no","Average","VeryLow","Low","VeryLow","VeryLow","VeryBad",8,10
"GP","F",17,"R","LE3","T","Primary","Primary","at_home","other","course","mother","15-30min","5-10hrs","0","no","no","no","yes","yes","yes","yes","no","Good","Average","Average","VeryLow","Average","VeryGood",4,15
"GP","F",17,"U","LE3","A","Higher","5th-9th","teacher","other","course","mother","<15min","2-5hrs","0","no","yes","no","yes","yes","yes","no","no","Good","Average","Low","VeryLow","VeryLow","Good",4,14
"GP","M",17,"U","LE3","T","Higher","Secondary","health","other","course","mother","15-30min","2-5hrs","0","no","no","no","yes","yes","yes","yes","yes","Bad","VeryHigh","VeryHigh","VeryLow","High","VeryGood",8,15
"GP","M",17,"R","LE3","A","Higher","Higher","teacher","other","course","mother","15-30min","2-5hrs","0","no","yes","no","no","yes","yes","yes","no","Average","Average","Average","Low","Average","Good",0,12
"GP","M",16,"U","LE3","T","Higher","Secondary","teacher","other","course","mother","<15min","<2hrs","0","no","no","no","yes","no","yes","yes","no","Excellent","High","VeryHigh","VeryLow","VeryLow","Average",7,15
"GP","M",16,"U","GT3","T","Higher","Higher","services","services","course","mother","<15min","<2hrs","0","no","no","yes","yes","yes","yes","yes","no","Excellent","Average","Low","VeryLow","Low","VeryGood",4,15
"GP","F",17,"U","GT3","T","Higher","Higher","teacher","services","course","mother","<15min","2-5hrs","0","no","yes","yes","no","yes","yes","yes","yes","Excellent","Average","VeryLow","VeryLow","High","VeryGood",2,12
"GP","M",17,"R","GT3","T","Primary","Primary","other","other","home","father","15-30min","5-10hrs","0","no","no","no","no","no","yes","yes","yes","Good","Average","Average","VeryLow","VeryLow","VeryBad",2,15
"GP","F",17,"U","GT3","T","Secondary","Secondary","services","other","home","mother","15-30min","5-10hrs","0","no","yes","no","no","yes","yes","yes","yes","Good","Low","Low","Low","Average","VeryGood",10,11
"GP","F",17,"U","GT3","T","Primary","Primary","at_home","other","course","mother","<15min","2-5hrs","0","yes","no","no","no","no","yes","no","yes","Good","Average","Low","VeryLow","VeryLow","Good",10,10
"GP","F",18,"U","GT3","T","5th-9th","Primary","other","other","course","other","15-30min","5-10hrs","0","no","yes","no","no","no","yes","yes","yes","Good","High","High","VeryLow","VeryLow","Average",10,11
"GP","M",16,"U","GT3","T","5th-9th","Primary","other","other","course","mother","30min-1hr","<2hrs","0","no","no","no","no","yes","yes","yes","no","Good","Average","Average","VeryLow","VeryLow","Good",7,16
"GP","F",17,"U","GT3","T","Primary","Primary","other","services","course","father","<15min","2-5hrs","0","no","yes","no","no","yes","yes","no","no","Good","Average","High","VeryLow","Low","VeryGood",4,11
"GP","M",17,"U","GT3","T","5th-9th","Secondary","other","other","course","father","15-30min","<2hrs","0","no","no","no","no","yes","yes","yes","no","Excellent","Low","Low","VeryLow","VeryLow","Bad",2,13
"GP","M",22,"U","GT3","T","Secondary","Primary","services","services","other","mother","<15min","<2hrs","3","no","no","no","no","no","no","yes","yes","Excellent","High","VeryHigh","VeryHigh","VeryHigh","VeryBad",12,5
"GP","M",18,"R","LE3","T","Secondary","Secondary","other","services","course","mother","<15min","2-5hrs","0","no","yes","no","no","yes","yes","yes","yes","Good","Average","Average","VeryLow","Average","VeryGood",8,10
"GP","M",16,"U","GT3","T","None","5th-9th","other","other","other","mother","<15min","<2hrs","0","no","no","no","no","no","yes","yes","no","Good","Average","Low","Low","High","VeryGood",0,11
"GP","M",18,"U","GT3","T","Secondary","5th-9th","services","other","course","mother","15-30min","<2hrs","0","no","no","no","no","yes","no","yes","no","Good","High","VeryHigh","Low","High","VeryGood",8,7
"GP","M",16,"U","GT3","T","Secondary","Secondary","at_home","other","reputation","other","30min-1hr","2-5hrs","1","yes","yes","no","no","no","yes","yes","no","Excellent","Average","Average","VeryLow","Average","Bad",4,10
"GP","M",18,"U","GT3","T","5th-9th","Primary","services","services","other","mother","<15min","<2hrs","2","no","no","no","no","no","no","yes","no","Average","Low","VeryHigh","Low","VeryHigh","VeryGood",4,6
"GP","M",16,"R","GT3","T","5th-9th","Primary","other","other","course","mother","15-30min","<2hrs","0","no","no","no","yes","no","yes","no","no","Average","Average","Low","VeryLow","Average","Average",2,12
"GP","M",17,"R","GT3","T","5th-9th","Primary","other","other","course","mother","<15min","<2hrs","0","no","no","no","no","no","yes","yes","no","Good","High","Low","Low","High","VeryGood",0,13
"GP","M",17,"U","LE3","T","Primary","Primary","health","other","course","mother","15-30min","<2hrs","1","no","yes","no","yes","yes","yes","yes","no","Good","High","High","VeryLow","Low","VeryGood",0,10
"GP","F",18,"U","LE3","A","5th-9th","Primary","other","other","course","mother","<15min","2-5hrs","0","no","yes","no","no","no","yes","yes","yes","Good","Average","High","VeryLow","Average","VeryGood",2,13
"GP","F",17,"U","LE3","T","Higher","5th-9th","teacher","services","reputation","mother","<15min",">10hrs","0","no","yes","no","yes","yes","yes","yes","no","Good","Low","Average","VeryLow","VeryLow","Good",2,17
"GP","F",19,"U","GT3","T","5th-9th","5th-9th","services","services","home","mother","<15min","2-5hrs","0","no","yes","no","no","yes","yes","yes","no","Good","Average","Average","VeryLow","VeryLow","VeryGood",0,11
"GP","M",18,"U","LE3","T","5th-9th","Primary","services","other","course","mother","30min-1hr","2-5hrs","1","no","no","no","yes","no","no","yes","no","Good","High","VeryHigh","High","High","VeryGood",4,11
"GP","F",17,"R","GT3","T","Higher","5th-9th","other","other","course","mother","<15min","5-10hrs","0","no","yes","no","yes","yes","yes","yes","no","Good","Average","High","VeryLow","Average","VeryGood",2,14
"GP","F",18,"U","LE3","T","Primary","Primary","other","at_home","home","mother","<15min","5-10hrs","0","no","yes","no","no","no","yes","no","no","Good","High","Average","Low","Average","Average",4,14
"GP","F",18,"R","GT3","T","5th-9th","5th-9th","other","other","home","mother","<15min","2-5hrs","0","yes","no","no","no","yes","yes","no","no","Average","Low","Average","VeryLow","VeryLow","VeryGood",4,13
"GP","M",19,"U","LE3","A","Higher","Secondary","services","at_home","reputation","mother","<15min","2-5hrs","0","no","yes","no","no","yes","yes","yes","no","Good","Average","VeryLow","VeryLow","VeryLow","VeryBad",4,14
"GP","M",18,"U","GT3","T","5th-9th","Primary","other","other","home","mother","<15min","2-5hrs","0","no","no","no","yes","yes","yes","yes","no","Excellent","Low","High","VeryLow","Low","Good",2,16
"GP","M",17,"R","GT3","T","5th-9th","5th-9th","other","services","other","mother","15-30min","<2hrs","0","no","no","no","no","no","no","no","no","Excellent","Low","Low","VeryLow","VeryLow","Good",0,10
"GP","F",17,"U","LE3","T","5th-9th","5th-9th","services","services","course","father","<15min",">10hrs","0","no","no","no","yes","yes","yes","yes","yes","Average","High","VeryLow","VeryLow","VeryLow","Bad",2,12
"GP","F",20,"R","GT3","T","5th-9th","Primary","other","other","course","other","15-30min","2-5hrs","0","no","yes","yes","yes","yes","no","yes","yes","VeryBad","Low","Average","VeryLow","Low","Bad",8,12
"GP","F",18,"U","GT3","T","Higher","Secondary","services","other","home","father","<15min","2-5hrs","0","no","yes","no","no","yes","yes","yes","yes","Average","VeryLow","Low","VeryLow","Average","Bad",2,15
"GP","M",18,"U","GT3","T","Higher","Secondary","teacher","other","course","mother","<15min","2-5hrs","0","no","yes","no","no","no","yes","yes","no","Good","Average","Low","VeryLow","VeryLow","Average",2,11
"GP","M",18,"R","GT3","T","Secondary","5th-9th","other","other","course","mother","<15min","5-10hrs","0","no","no","no","yes","no","yes","no","no","Excellent","Average","Low","VeryLow","VeryLow","Average",2,12
"GP","F",17,"U","GT3","T","Secondary","Secondary","other","other","home","mother","<15min","5-10hrs","0","no","no","no","yes","no","yes","no","no","Average","Low","Average","VeryLow","VeryLow","Good",2,13
"GP","F",18,"U","GT3","T","5th-9th","5th-9th","at_home","services","home","mother","<15min","5-10hrs","0","no","yes","no","yes","yes","yes","yes","yes","Good","Average","Average","VeryLow","VeryLow","Average",0,13
"GP","M",17,"U","GT3","T","5th-9th","5th-9th","other","other","home","father","15-30min","<2hrs","0","no","no","no","no","yes","no","yes","no","Good","High","High","Low","Average","Good",8,9
"GP","M",18,"R","LE3","A","Secondary","Higher","other","other","reputation","mother","15-30min","2-5hrs","0","no","yes","no","yes","yes","yes","yes","no","Good","Low","VeryHigh","Average","High","VeryBad",6,16
"GP","M",17,"U","GT3","T","Secondary","Primary","services","other","other","mother","<15min","2-5hrs","0","no","no","no","yes","yes","yes","yes","yes","Excellent","High","High","Average","High","VeryGood",0,14
"GP","F",18,"R","GT3","T","Higher","Higher","teacher","other","reputation","mother","15-30min","2-5hrs","0","no","no","no","yes","yes","yes","yes","no","Good","Average","High","Low","Low","Good",8,12
"GP","M",18,"U","GT3","T","Higher","5th-9th","health","other","reputation","father","<15min","2-5hrs","0","no","yes","no","yes","yes","yes","yes","yes","Excellent","High","VeryHigh","VeryLow","Average","VeryGood",4,14
"GP","F",18,"R","GT3","T","5th-9th","Primary","other","other","reputation","mother","15-30min","2-5hrs","0","no","yes","no","no","yes","no","yes","yes","Good","Average","VeryHigh","VeryLow","Low","Average",12,10
"GP","F",19,"U","GT3","T","Secondary","Secondary","other","services","home","other","<15min","2-5hrs","0","no","yes","no","yes","yes","yes","yes","no","Good","Average","VeryHigh","Average","Average","VeryGood",16,12
"GP","F",18,"U","GT3","T","5th-9th","Secondary","other","services","reputation","father","<15min",">10hrs","0","no","yes","no","yes","yes","yes","yes","yes","Good","VeryHigh","VeryHigh","VeryLow","Average","Bad",10,16
"GP","F",18,"U","LE3","T","Primary","Primary","other","other","home","mother","15-30min","2-5hrs","0","no","yes","no","no","no","yes","no","no","Good","High","Average","VeryLow","VeryLow","Average",2,13
"GP","M",17,"R","GT3","T","Primary","5th-9th","at_home","at_home","home","mother","<15min","2-5hrs","0","no","yes","no","yes","no","yes","no","yes","Average","VeryHigh","Low","Low","Low","VeryBad",2,18
"GP","F",18,"U","GT3","T","5th-9th","Primary","other","other","home","mother","<15min","2-5hrs","0","no","yes","no","no","yes","yes","yes","yes","Good","Low","VeryHigh","VeryLow","Low","VeryBad",8,15
"GP","F",17,"U","GT3","T","5th-9th","Higher","at_home","health","reputation","mother","15-30min","2-5hrs","0","no","yes","no","no","yes","yes","yes","yes","Good","Average","Average","VeryLow","VeryLow","VeryBad",6,16
"GP","F",17,"U","LE3","T","5th-9th","5th-9th","services","other","course","mother","15-30min","2-5hrs","0","yes","yes","no","no","yes","yes","yes","yes","Good","High","High","Low","Average","VeryGood",6,12
"GP","F",18,"R","GT3","A","Secondary","5th-9th","other","services","home","mother","15-30min","2-5hrs","0","no","no","no","no","no","no","yes","yes","Good","VeryLow","VeryLow","VeryLow","VeryLow","VeryGood",15,10
"GP","M",18,"U","GT3","T","Higher","Higher","teacher","services","home","mother","15-30min","<2hrs","0","no","no","no","yes","yes","yes","yes","no","Average","Low","High","VeryLow","High","Average",6,12
"GP","F",18,"U","GT3","T","Higher","Higher","health","health","reputation","father","<15min","2-5hrs","1","yes","yes","no","yes","yes","yes","yes","yes","Bad","High","High","VeryLow","VeryLow","Good",2,13
"GP","F",17,"U","GT3","T","5th-9th","5th-9th","other","services","reputation","father","30min-1hr","5-10hrs","0","no","yes","no","no","yes","yes","yes","yes","Good","Low","Average","VeryLow","VeryLow","VeryBad",8,15
"GP","F",19,"R","GT3","T","Secondary","5th-9th","services","services","reputation","father","<15min","2-5hrs","1","yes","yes","no","no","yes","no","yes","no","Average","Average","Average","High","Average","Average",0,10
"GP","M",18,"U","LE3","T","Higher","Secondary","teacher","services","course","mother","15-30min","<2hrs","0","no","no","no","yes","yes","yes","yes","no","Good","Low","Average","VeryLow","Low","VeryBad",0,10
"GP","M",18,"U","GT3","T","Primary","5th-9th","at_home","other","home","other","15-30min","<2hrs","0","no","no","no","no","no","no","yes","no","Average","High","High","Low","High","Good",10,11
"GP","M",17,"U","LE3","A","Higher","Primary","services","other","home","mother","15-30min","<2hrs","0","no","no","no","yes","yes","yes","yes","yes","Good","VeryHigh","High","Low","High","VeryGood",22,10
"GP","M",17,"U","LE3","A","Secondary","5th-9th","teacher","services","home","mother","<15min","<2hrs","0","no","no","no","no","yes","yes","yes","no","Good","High","High","Average","High","Average",18,13
"GP","F",18,"R","LE3","T","Primary","Primary","at_home","other","reputation","mother","15-30min",">10hrs","0","no","yes","no","yes","yes","yes","no","no","Excellent","Low","Low","VeryLow","VeryLow","Average",2,18
"GP","F",18,"U","GT3","T","Primary","Primary","other","other","home","mother","15-30min","2-5hrs","0","yes","no","no","yes","yes","yes","yes","no","Excellent","High","High","VeryLow","VeryLow","Good",0,13
"GP","F",17,"U","GT3","T","5th-9th","5th-9th","other","other","course","mother","<15min","2-5hrs","0","no","yes","no","no","no","yes","yes","no","Excellent","High","VeryHigh","VeryLow","Low","VeryGood",12,14
"GP","F",18,"U","GT3","T","5th-9th","Primary","other","other","reputation","mother","15-30min","2-5hrs","0","no","no","no","yes","yes","yes","yes","yes","Good","Average","VeryLow","VeryLow","VeryLow","VeryGood",10,14
"GP","M",17,"U","GT3","T","Primary","Primary","other","other","reputation","father","<15min","2-5hrs","0","no","no","no","no","no","yes","yes","no","Good","Average","Average","VeryLow","Low","Good",0,12
"GP","F",18,"U","GT3","T","5th-9th","5th-9th","at_home","at_home","other","mother","<15min","5-10hrs","0","no","yes","no","no","yes","yes","yes","no","Good","Average","Average","VeryLow","Low","Bad",0,18
"GP","F",17,"U","GT3","T","Primary","Primary","services","teacher","reputation","mother","<15min","5-10hrs","0","no","yes","no","no","yes","yes","yes","no","Good","Average","Average","VeryLow","VeryLow","Average",0,14
"GP","M",18,"U","GT3","T","5th-9th","Primary","services","services","reputation","mother","<15min","5-10hrs","0","no","no","no","yes","yes","yes","yes","no","Good","Low","High","VeryLow","Average","Bad",0,15
"GP","M",18,"U","LE3","A","Higher","Higher","teacher","teacher","reputation","mother","<15min","2-5hrs","0","no","yes","no","yes","yes","yes","yes","no","Excellent","High","Average","VeryLow","VeryLow","Bad",0,17
"GP","M",18,"U","GT3","T","Higher","5th-9th","teacher","other","home","mother","<15min","2-5hrs","0","no","yes","no","yes","yes","yes","yes","yes","Good","Average","Low","VeryLow","High","VeryGood",2,16
"GP","F",17,"U","GT3","T","Higher","Secondary","health","services","reputation","mother","<15min","5-10hrs","0","no","yes","no","no","yes","yes","yes","no","Good","Low","Low","VeryLow","Low","Average",0,18
"GP","F",17,"R","LE3","T","Secondary","Primary","services","other","reputation","mother","15-30min",">10hrs","0","no","yes","no","no","yes","yes","no","no","Average","VeryLow","Low","VeryLow","VeryLow","Average",0,19
"GP","M",18,"R","LE3","T","Secondary","5th-9th","services","other","reputation","mother","15-30min","5-10hrs","0","no","yes","no","yes","yes","yes","yes","no","Excellent","High","Low","VeryLow","VeryLow","Good",0,15
"GP","M",17,"U","GT3","T","Secondary","Secondary","health","other","home","mother","<15min","<2hrs","0","no","yes","no","no","yes","yes","yes","no","Good","High","Average","VeryLow","Average","VeryGood",0,15
"GP","F",19,"U","GT3","T","Higher","Higher","health","other","reputation","other","15-30min","2-5hrs","0","no","yes","no","yes","yes","yes","yes","no","Bad","Average","High","Low","Average","Bad",2,13
"GP","F",18,"U","LE3","T","Higher","Secondary","other","other","home","other","15-30min","2-5hrs","0","no","yes","no","no","yes","yes","yes","yes","Good","High","VeryHigh","VeryLow","Low","Bad",0,14
"GP","F",18,"U","GT3","T","Higher","Secondary","other","other","reputation","father","<15min",">10hrs","0","no","yes","no","no","yes","yes","yes","no","Good","Average","Average","VeryLow","VeryLow","Average",0,17
"GP","M",18,"U","LE3","T","Higher","Higher","teacher","teacher","home","mother","<15min","<2hrs","0","no","yes","no","no","yes","yes","yes","yes","VeryBad","High","Low","Low","Low","VeryBad",0,17
"GP","F",18,"U","LE3","A","Higher","Higher","health","other","home","mother","<15min","2-5hrs","0","no","yes","yes","no","yes","yes","yes","yes","Good","Low","High","VeryLow","VeryLow","Good",0,15
"GP","M",17,"U","LE3","T","Higher","Higher","other","teacher","home","father","15-30min","<2hrs","0","no","no","no","no","yes","yes","yes","no","Good","VeryLow","VeryLow","Low","Low","VeryGood",0,13
"GP","F",17,"R","GT3","T","Higher","Higher","services","services","reputation","mother","15-30min","5-10hrs","0","no","yes","no","yes","yes","yes","yes","no","Excellent","Average","High","VeryLow","VeryLow","VeryGood",0,8
"GP","F",17,"U","GT3","T","Higher","5th-9th","other","other","reputation","mother","15-30min","5-10hrs","0","no","yes","no","no","yes","yes","yes","no","Good","Average","Average","VeryLow","VeryLow","Average",0,16
"GP","F",17,"U","GT3","T","Secondary","5th-9th","health","health","reputation","father","<15min",">10hrs","0","no","yes","no","yes","no","yes","yes","no","Excellent","Low","Low","VeryLow","Low","VeryGood",0,18
"GP","M",19,"R","LE3","T","5th-9th","Primary","at_home","services","course","mother","15-30min","5-10hrs","1","no","no","no","yes","yes","yes","yes","yes","Good","Average","VeryLow","VeryLow","VeryLow","VeryGood",0,11
"GP","M",20,"U","GT3","A","Secondary","5th-9th","services","other","course","other","<15min","<2hrs","2","no","no","no","yes","yes","yes","no","no","Excellent","VeryHigh","Average","VeryLow","VeryLow","VeryGood",0,15
"GP","M",19,"R","GT3","T","Secondary","Secondary","other","services","reputation","father","<15min","2-5hrs","0","no","no","no","yes","yes","yes","no","yes","Good","VeryHigh","Average","VeryLow","Low","VeryGood",0,11
"GP","F",18,"U","GT3","T","Primary","Higher","other","teacher","home","mother","<15min","2-5hrs","0","yes","yes","no","no","no","yes","no","yes","Average","High","High","VeryLow","Low","VeryGood",2,11
"GP","F",18,"U","GT3","T","5th-9th","Primary","services","other","course","mother","15-30min","2-5hrs","0","no","yes","no","yes","yes","yes","yes","no","Excellent","Average","Average","VeryLow","Low","VeryBad",2,15
"GP","F",17,"U","GT3","T","5th-9th","Secondary","other","other","course","father","15-30min","2-5hrs","0","no","no","no","yes","yes","yes","yes","yes","Good","Low","VeryLow","VeryLow","VeryLow","Average",2,14
"GP","F",17,"R","GT3","T","Higher","Higher","teacher","teacher","course","mother","<15min","<2hrs","0","no","no","no","yes","yes","yes","yes","no","Good","High","High","VeryLow","VeryLow","VeryGood",2,17
"GP","F",18,"U","GT3","T","Higher","Secondary","other","other","course","mother","<15min","5-10hrs","0","no","yes","no","yes","yes","yes","yes","yes","Good","Average","High","VeryLow","VeryLow","VeryGood",2,17
"GP","F",18,"U","LE3","T","Higher","Secondary","health","services","course","mother","15-30min","<2hrs","0","no","yes","no","no","yes","yes","yes","no","Average","Low","High","VeryLow","High","VeryBad",8,15
"GP","F",17,"R","GT3","T","Secondary","Higher","at_home","services","course","father","<15min","5-10hrs","0","no","yes","no","yes","no","yes","yes","no","Good","Average","High","Low","VeryHigh","VeryGood",2,17
"GP","F",18,"U","GT3","T","Secondary","Secondary","at_home","other","course","father","<15min","2-5hrs","0","no","yes","no","no","yes","yes","yes","no","Good","VeryLow","High","VeryLow","VeryLow","Average",8,14
"GP","M",19,"U","GT3","T","Higher","5th-9th","health","other","course","mother","15-30min","2-5hrs","0","no","yes","no","yes","yes","yes","yes","yes","Excellent","High","High","VeryLow","VeryLow","VeryBad",9,10
"GP","F",18,"U","GT3","T","Higher","Higher","teacher","other","course","mother","<15min","2-5hrs","0","no","yes","no","no","yes","yes","yes","no","Good","High","High","Average","Average","VeryGood",0,13
"GP","F",18,"U","GT3","T","Secondary","Higher","other","other","course","mother","<15min","<2hrs","0","no","yes","no","yes","yes","yes","yes","yes","Excellent","High","High","VeryLow","VeryLow","VeryBad",4,14
"GP","F",17,"U","GT3","T","Higher","Higher","health","health","course","mother","<15min","<2hrs","0","no","no","no","yes","yes","yes","yes","no","Excellent","Average","High","VeryLow","Low","VeryGood",2,17
"GP","F",17,"U","GT3","A","Higher","Secondary","services","services","course","mother","<15min","2-5hrs","0","no","yes","no","no","yes","yes","yes","yes","Excellent","Low","Low","VeryLow","Low","VeryGood",14,17
"GP","F",17,"U","LE3","A","Secondary","Secondary","services","other","home","mother","<15min","2-5hrs","0","yes","yes","no","no","yes","yes","yes","no","Excellent","Average","Average","VeryLow","VeryLow","VeryGood",0,13
"GP","F",17,"U","LE3","T","5th-9th","Primary","other","other","home","father","<15min","2-5hrs","0","no","no","no","yes","yes","yes","yes","no","Good","Low","Average","Low","Low","Bad",2,14
"GP","M",18,"U","LE3","T","Higher","Higher","other","other","reputation","father","<15min","<2hrs","0","no","yes","no","no","yes","yes","yes","no","Good","Low","VeryHigh","Average","High","VeryGood",2,11
"GP","F",19,"U","GT3","T","Primary","Primary","other","other","course","other","30min-1hr","5-10hrs","0","no","no","no","yes","yes","no","no","yes","VeryBad","VeryHigh","VeryHigh","High","Average","VeryGood",12,11
"GP","F",19,"U","LE3","A","Primary","Primary","other","other","course","other","30min-1hr","2-5hrs","2","no","yes","no","no","no","yes","yes","yes","Excellent","Average","High","VeryLow","VeryLow","Good",2,9
"GP","F",18,"U","GT3","T","5th-9th","5th-9th","other","other","course","mother","<15min","<2hrs","0","no","yes","no","yes","yes","yes","yes","yes","Good","Average","VeryHigh","Low","High","VeryGood",2,10
"GP","F",17,"U","GT3","T","5th-9th","5th-9th","other","other","course","mother","<15min","2-5hrs","0","no","yes","no","no","yes","yes","no","yes","Good","Low","Low","VeryLow","VeryLow","Average",4,13
"GP","F",17,"R","LE3","T","5th-9th","5th-9th","services","services","course","mother","<15min","5-10hrs","0","no","yes","no","yes","yes","yes","yes","no","Average","Average","Low","Low","Low","Average",0,10
"GP","F",17,"U","GT3","T","Secondary","Primary","services","services","course","father","<15min","5-10hrs","0","no","yes","no","no","no","yes","yes","no","Average","High","Average","Low","Average","VeryGood",0,17
"GP","F",17,"U","LE3","T","None","5th-9th","at_home","at_home","home","father","15-30min","5-10hrs","0","no","no","no","no","yes","yes","yes","no","Average","Average","Average","Low","Average","Bad",0,15
"GP","F",18,"U","GT3","T","Primary","Primary","other","other","home","mother","15-30min","5-10hrs","0","no","no","no","yes","yes","yes","yes","no","Good","VeryHigh","VeryHigh","VeryLow","Low","Bad",0,14
"GP","M",18,"U","GT3","T","Higher","Higher","other","other","course","mother","<15min","5-10hrs","0","no","no","no","yes","yes","yes","yes","no","Good","Average","Average","Low","Low","Average",0,13
"GP","M",17,"U","GT3","T","Secondary","Secondary","other","services","reputation","mother","<15min","<2hrs","0","no","no","no","yes","no","yes","yes","no","Good","Average","VeryHigh","Average","VeryHigh","VeryGood",0,17
"GP","M",17,"R","GT3","T","5th-9th","5th-9th","services","other","course","mother",">1hr","<2hrs","0","no","yes","no","no","yes","yes","yes","no","Good","High","VeryHigh","VeryHigh","VeryHigh","Good",2,10
"GP","F",17,"U","GT3","T","Higher","Higher","teacher","services","course","mother","<15min","5-10hrs","0","no","yes","no","yes","yes","yes","yes","no","Excellent","High","High","VeryLow","Average","Good",0,13
"GP","F",17,"U","GT3","T","Higher","Higher","teacher","teacher","course","mother","15-30min","5-10hrs","0","no","yes","no","no","no","yes","yes","yes","Good","Average","Average","VeryLow","Low","Good",4,15
"GP","F",17,"U","GT3","T","Secondary","Secondary","at_home","other","course","mother","<15min","<2hrs","0","no","yes","yes","yes","yes","yes","yes","no","Good","Low","VeryHigh","Low","VeryHigh","VeryGood",2,11
"GP","M",18,"U","LE3","T","5th-9th","5th-9th","other","other","course","mother","<15min",">10hrs","0","no","yes","yes","yes","yes","yes","yes","no","Good","VeryHigh","VeryHigh","Low","High","VeryGood",0,12
"GP","M",19,"R","GT3","T","Secondary","5th-9th","at_home","services","home","other","<15min","<2hrs","0","no","yes","no","no","no","yes","no","yes","Excellent","Average","High","Low","Low","VeryGood",0,10
"GP","F",18,"U","GT3","T","5th-9th","5th-9th","at_home","other","course","mother",">1hr","2-5hrs","0","no","no","no","yes","yes","yes","no","yes","Good","Low","VeryHigh","VeryLow","VeryLow","Bad",2,10
"GP","F",17,"R","GT3","T","5th-9th","Higher","at_home","other","course","father","<15min","5-10hrs","0","no","yes","no","no","yes","yes","yes","yes","Good","High","Average","VeryLow","VeryLow","VeryGood",0,15
"GP","M",18,"U","GT3","T","5th-9th","5th-9th","other","other","reputation","mother","<15min","<2hrs","0","no","no","no","no","no","yes","yes","no","Excellent","High","Low","VeryLow","Low","VeryGood",6,15
"GP","F",18,"U","GT3","T","Secondary","Secondary","services","services","home","mother","<15min","2-5hrs","0","no","no","no","yes","yes","yes","yes","no","Excellent","Average","High","VeryLow","VeryLow","Good",8,12
"GP","F",18,"U","LE3","T","5th-9th","5th-9th","other","other","home","other","<15min","2-5hrs","0","no","no","no","yes","no","yes","yes","yes","Good","Average","Average","VeryLow","VeryLow","Bad",0,12
"GP","F",18,"R","GT3","T","5th-9th","5th-9th","at_home","other","course","mother","15-30min",">10hrs","0","no","no","no","yes","yes","yes","no","no","Good","High","High","VeryLow","VeryLow","Good",6,14
"GP","F",17,"U","GT3","T","Secondary","Higher","services","other","course","mother","<15min","5-10hrs","0","no","no","no","no","yes","yes","yes","no","Good","High","VeryHigh","VeryLow","Average","VeryGood",8,14
"GP","F",17,"U","GT3","T","Secondary","5th-9th","other","other","home","mother","<15min","2-5hrs","0","no","yes","no","no","yes","yes","yes","yes","Good","Average","Low","Low","Average","Bad",0,15
"GP","F",18,"U","LE3","T","Secondary","Secondary","services","services","home","mother","<15min",">10hrs","0","no","yes","no","no","yes","yes","yes","no","Excellent","Average","Average","VeryLow","VeryLow","VeryBad",4,15
"GP","F",17,"R","GT3","A","Secondary","5th-9th","other","other","home","mother","<15min","2-5hrs","0","no","yes","no","no","yes","yes","yes","no","Good","Average","Average","Low","Average","Bad",0,16
"GP","M",18,"U","GT3","T","Higher","Higher","teacher","services","home","father","<15min","2-5hrs","0","no","yes","no","yes","yes","yes","yes","no","Good","Average","Average","Low","Low","Bad",0,13
"GP","M",18,"U","LE3","T","Secondary","Higher","services","other","home","mother","<15min","2-5hrs","0","no","no","no","yes","yes","yes","yes","yes","Good","Average","Average","VeryLow","Average","VeryGood",6,17
"GP","F",17,"U","GT3","A","5th-9th","5th-9th","at_home","at_home","home","father","<15min","2-5hrs","0","no","yes","no","no","yes","yes","yes","yes","Average","Average","VeryLow","VeryLow","Low","Good",18,14
"GP","F",18,"U","GT3","T","5th-9th","Secondary","at_home","other","course","mother","<15min","5-10hrs","0","no","yes","no","no","yes","yes","yes","no","Good","Average","Average","VeryLow","Low","Average",0,14
"GP","F",18,"U","GT3","T","Secondary","5th-9th","other","services","other","mother","<15min","5-10hrs","0","no","no","no","no","yes","yes","yes","yes","Excellent","High","Average","Low","Average","VeryBad",4,17
"GP","M",18,"R","GT3","T","Higher","Secondary","teacher","services","course","mother","<15min","5-10hrs","0","no","no","no","no","yes","yes","yes","yes","Excellent","Average","Low","VeryLow","Low","Good",4,17
"GP","M",18,"U","GT3","T","Higher","Secondary","teacher","other","course","mother","<15min","5-10hrs","0","no","yes","no","no","yes","yes","yes","yes","Excellent","High","VeryHigh","Low","Average","VeryGood",0,14
"GP","F",17,"U","GT3","T","Higher","Secondary","health","other","reputation","mother","<15min","5-10hrs","0","no","yes","no","yes","yes","yes","yes","yes","Good","High","Average","VeryLow","Average","Good",0,13
"GP","F",17,"U","GT3","T","5th-9th","Primary","services","other","course","mother","15-30min","2-5hrs","0","no","yes","no","yes","yes","yes","yes","yes","Good","Average","High","Low","Low","VeryBad",10,15
"GP","F",17,"U","GT3","T","5th-9th","Primary","services","other","reputation","mother","<15min","2-5hrs","0","no","yes","no","yes","yes","yes","yes","no","Good","Average","VeryHigh","Low","High","Good",4,16
"GP","F",19,"U","LE3","A","5th-9th","Secondary","at_home","other","home","other","15-30min","<2hrs","1","no","no","no","no","yes","no","yes","no","Bad","Low","Average","Average","High","VeryGood",16,11
"GP","F",17,"U","GT3","T","Secondary","Primary","other","at_home","home","mother","<15min","<2hrs","1","no","yes","yes","no","yes","yes","yes","yes","Good","VeryLow","Low","VeryLow","VeryLow","Average",6,13
"GP","F",21,"U","LE3","T","Higher","Higher","other","other","reputation","other","<15min","5-10hrs","2","no","no","yes","yes","yes","yes","yes","no","Average","Average","Low","VeryLow","VeryLow","VeryGood",0,12
"GP","M",18,"U","LE3","T","5th-9th","5th-9th","services","services","reputation","mother","<15min","2-5hrs","0","no","yes","no","yes","no","no","yes","no","Good","High","High","VeryLow","Average","Average",11,12
"GP","M",18,"U","LE3","A","Secondary","Higher","other","other","reputation","other","<15min","2-5hrs","0","no","no","no","yes","yes","yes","yes","yes","Good","Average","VeryHigh","VeryLow","High","Bad",9,15
"GP","F",17,"U","GT3","T","5th-9th","5th-9th","services","services","reputation","mother","<15min","2-5hrs","0","no","yes","no","yes","yes","yes","yes","no","Good","Average","High","VeryLow","Average","Good",0,17
"GP","M",17,"U","LE3","A","Higher","Higher","health","other","reputation","mother","<15min","5-10hrs","0","no","yes","no","no","yes","yes","yes","no","Good","High","Low","VeryLow","Low","Good",2,15
"GP","F",18,"U","LE3","T","Higher","5th-9th","teacher","other","course","mother","<15min","2-5hrs","0","no","yes","no","yes","yes","yes","yes","no","Good","Low","Low","VeryLow","VeryLow","Average",0,17
"GP","M",21,"R","LE3","T","Primary","Primary","at_home","other","course","other","15-30min","2-5hrs","2","no","yes","no","yes","yes","no","yes","yes","Excellent","Average","Average","VeryHigh","Low","Good",21,10
"GP","F",20,"R","GT3","T","Primary","Primary","other","other","reputation","other","15-30min","5-10hrs","0","no","no","no","no","yes","yes","yes","yes","Average","Low","Low","VeryLow","Average","Average",8,15
"GP","F",19,"U","GT3","T","Higher","Higher","teacher","other","home","other","<15min","<2hrs","1","no","yes","no","no","yes","yes","yes","yes","Average","Low","VeryHigh","High","High","VeryGood",5,11
"GP","M",17,"U","LE3","A","Secondary","5th-9th","other","other","reputation","mother","<15min","2-5hrs","0","no","yes","no","no","yes","yes","yes","no","Good","High","High","VeryLow","Low","VeryGood",10,18
"GP","F",18,"U","GT3","T","Secondary","5th-9th","at_home","other","reputation","father","<15min","5-10hrs","0","no","yes","no","no","yes","yes","yes","yes","Good","Average","High","VeryLow","Low","Bad",5,17
"GP","M",18,"R","GT3","T","5th-9th","Secondary","other","services","reputation","father","<15min","<2hrs","0","no","no","no","no","yes","yes","yes","no","Average","VeryLow","Average","High","VeryHigh","Good",13,14
"GP","M",19,"U","GT3","T","5th-9th","Primary","other","other","reputation","mother","<15min","<2hrs","0","no","no","no","no","yes","yes","yes","no","Excellent","Average","High","VeryLow","High","Good",10,11
"GP","F",18,"U","LE3","A","5th-9th","5th-9th","services","other","reputation","mother","15-30min","2-5hrs","0","no","yes","no","no","yes","yes","yes","no","Good","VeryLow","High","VeryLow","Average","Good",10,17
"GP","F",20,"U","GT3","T","Primary","None","other","other","reputation","mother","15-30min","<2hrs","1","yes","no","no","no","yes","yes","yes","yes","Excellent","Average","VeryLow","VeryLow","VeryLow","VeryGood",5,10
"GP","F",18,"U","GT3","T","Secondary","5th-9th","services","other","home","mother","<15min","2-5hrs","0","no","yes","no","yes","no","yes","yes","yes","Average","VeryLow","Low","VeryLow","Low","VeryBad",4,13
"MS","F",16,"U","GT3","T","Primary","Secondary","at_home","other","other","father","15-30min","<2hrs","0","no","yes","no","no","yes","no","yes","yes","Good","Average","Average","VeryLow","Average","VeryGood",11,11
"MS","F",16,"R","GT3","T","5th-9th","5th-9th","other","other","course","mother","15-30min","2-5hrs","0","no","yes","no","yes","yes","yes","yes","no","Good","High","High","VeryLow","VeryLow","VeryGood",0,12
"MS","F",15,"R","GT3","T","Primary","Primary","at_home","services","other","mother","<15min","<2hrs","1","no","yes","no","no","yes","yes","no","yes","Good","VeryLow","Average","VeryLow","VeryLow","Bad",6,10
"MS","F",15,"R","GT3","T","Secondary","Secondary","at_home","other","course","mother","15-30min","<2hrs","0","no","yes","no","no","yes","yes","yes","no","Excellent","High","High","Low","Average","VeryGood",4,11
"MS","F",16,"R","GT3","T","5th-9th","Secondary","at_home","services","course","mother","15-30min","2-5hrs","0","no","no","no","no","yes","yes","no","no","Good","VeryHigh","Low","VeryLow","Low","VeryGood",0,17
"MS","F",15,"R","LE3","T","5th-9th","Primary","at_home","other","home","mother","15-30min","<2hrs","0","no","no","no","no","yes","no","no","no","VeryBad","Average","High","VeryLow","VeryLow","VeryBad",0,9
"MS","M",16,"R","LE3","A","Higher","Higher","at_home","other","home","mother","<15min","2-5hrs","0","no","yes","no","no","yes","yes","no","no","Excellent","Average","Low","VeryLow","Average","Bad",5,11
"MS","M",16,"U","GT3","A","Primary","5th-9th","other","other","other","mother","<15min","5-10hrs","0","yes","no","no","no","yes","yes","yes","no","Good","High","Average","VeryLow","VeryLow","VeryGood",0,11
"MS","F",17,"R","GT3","T","Secondary","5th-9th","at_home","other","course","father","<15min","2-5hrs","1","no","no","no","no","yes","yes","no","yes","Good","VeryHigh","High","VeryLow","Low","VeryGood",0,10
"MS","F",17,"R","GT3","T","Primary","Primary","other","other","other","father","<15min","<2hrs","1","no","yes","no","no","no","no","yes","no","Excellent","High","High","Low","Low","VeryGood",0,7
"MS","F",15,"R","GT3","T","Higher","Higher","teacher","other","course","mother","15-30min","<2hrs","0","no","no","no","no","yes","yes","yes","yes","VeryBad","VeryHigh","VeryLow","Average","VeryHigh","VeryGood",0,14
"MS","F",16,"U","LE3","A","5th-9th","5th-9th","at_home","other","reputation","mother","15-30min",">10hrs","0","no","no","no","yes","no","no","no","yes","VeryBad","Low","VeryLow","VeryLow","VeryLow","VeryBad",4,11
"MS","F",15,"R","LE3","T","Primary","Primary","at_home","services","reputation","father","15-30min","2-5hrs","0","no","yes","no","no","yes","yes","yes","no","Excellent","High","Average","VeryLow","Low","Good",0,10
"MS","F",15,"R","LE3","T","Primary","Primary","other","services","course","mother","15-30min","<2hrs","1","no","yes","no","no","yes","yes","yes","yes","Good","High","Average","VeryLow","Low","Bad",4,8
"MS","F",16,"R","GT3","T","None","5th-9th","other","other","other","mother","15-30min","<2hrs","0","no","yes","no","yes","yes","yes","no","no","Average","Low","Average","VeryLow","Low","Bad",0,12
"MS","F",17,"R","GT3","T","5th-9th","Secondary","other","other","course","mother","15-30min","<2hrs","0","no","yes","no","no","yes","yes","yes","no","Excellent","VeryHigh","VeryHigh","VeryLow","Average","Average",2,12
"MS","F",15,"R","GT3","T","Secondary","Secondary","other","services","course","father","15-30min","<2hrs","0","no","no","no","no","no","yes","yes","no","Good","VeryLow","Average","VeryLow","VeryLow","Good",0,16
"MS","M",16,"U","GT3","T","Primary","Primary","at_home","services","home","mother","15-30min","2-5hrs","0","no","yes","no","yes","yes","yes","no","yes","Excellent","High","VeryHigh","High","VeryHigh","Average",0,0
"MS","M",17,"U","GT3","T","Primary","Primary","other","other","home","mother","<15min","2-5hrs","0","no","no","yes","no","no","yes","yes","no","Good","High","Average","Low","High","VeryGood",4,9
"MS","M",15,"R","LE3","T","Higher","Primary","health","services","reputation","father","<15min","2-5hrs","0","no","yes","no","yes","yes","yes","yes","no","Excellent","Average","High","VeryLow","Low","Bad",0,14
"MS","M",15,"R","LE3","T","Higher","Primary","health","services","reputation","father","<15min","2-5hrs","0","no","yes","no","yes","yes","yes","yes","no","Excellent","Average","High","VeryLow","Low","Bad",7,8
"MS","M",16,"R","GT3","T","Secondary","Higher","other","health","other","mother","30min-1hr","2-5hrs","0","no","no","no","no","no","yes","no","no","Average","High","VeryHigh","VeryLow","Low","VeryGood",4,11
"MS","M",15,"R","GT3","T","Primary","Primary","other","other","course","mother",">1hr","2-5hrs","0","no","yes","no","yes","yes","yes","no","yes","Excellent","High","VeryHigh","Low","High","Good",8,9
"MS","M",15,"U","LE3","T","Secondary","Secondary","at_home","at_home","reputation","father","<15min","2-5hrs","0","no","yes","no","yes","yes","yes","yes","no","Excellent","Average","Average","VeryLow","VeryLow","VeryGood",0,11
"MS","M",17,"R","GT3","T","5th-9th","Primary","other","other","other","mother","30min-1hr","<2hrs","0","no","no","no","yes","yes","no","no","yes","Excellent","VeryHigh","VeryHigh","VeryHigh","VeryHigh","Average",8,9
"MS","F",16,"R","GT3","T","Higher","Higher","teacher","teacher","course","mother","15-30min","5-10hrs","0","no","no","no","yes","yes","yes","yes","yes","Good","Low","Low","VeryLow","VeryLow","Good",6,17
"MS","F",15,"R","GT3","T","Primary","5th-9th","other","services","course","mother","15-30min","<2hrs","0","no","no","no","no","yes","yes","no","no","Excellent","VeryLow","Low","VeryLow","VeryLow","VeryBad",3,13
"MS","F",16,"R","GT3","T","5th-9th","Secondary","other","services","course","mother","30min-1hr","2-5hrs","0","no","yes","no","no","yes","yes","yes","no","Good","VeryHigh","High","VeryLow","Low","VeryBad",2,15
"MS","M",16,"R","GT3","T","Primary","5th-9th","other","other","course","father","15-30min","2-5hrs","0","no","no","no","no","yes","yes","no","no","Good","Average","Average","VeryLow","VeryLow","VeryGood",0,11
"MS","F",16,"R","GT3","T","5th-9th","5th-9th","other","other","course","mother","30min-1hr","2-5hrs","0","no","yes","no","no","yes","yes","yes","no","Good","High","VeryHigh","VeryLow","VeryLow","Good",4,11
"MS","F",16,"U","GT3","T","Primary","5th-9th","other","services","course","mother","<15min","5-10hrs","1","no","yes","no","no","yes","yes","no","no","VeryBad","Average","Low","VeryLow","Low","Good",0,8
"MS","F",16,"U","GT3","T","Primary","5th-9th","other","services","course","mother","<15min","5-10hrs","1","no","yes","no","no","yes","yes","no","no","VeryBad","Average","Low","VeryLow","Low","Good",3,8
"MS","F",15,"U","GT3","T","5th-9th","Primary","at_home","other","home","mother","<15min","2-5hrs","0","yes","yes","no","no","no","yes","yes","no","Good","High","Low","Average","Average","Bad",0,9
"MS","F",16,"U","GT3","T","Primary","Primary","at_home","other","course","father","<15min","2-5hrs","0","no","yes","no","no","no","yes","no","yes","Excellent","High","Average","Low","VeryLow","Bad",0,15
"MS","M",17,"R","LE3","T","Primary","5th-9th","at_home","services","reputation","mother","<15min","<2hrs","0","no","yes","no","yes","yes","yes","yes","no","Excellent","VeryHigh","VeryHigh","VeryHigh","VeryHigh","Average",4,11
"MS","F",16,"R","GT3","T","Primary","Primary","other","other","home","father",">1hr",">10hrs","0","no","yes","no","no","no","yes","yes","no","Good","Average","Low","VeryLow","VeryLow","VeryBad",0,13
"MS","F",16,"R","GT3","T","Primary","Primary","at_home","other","other","father",">1hr","5-10hrs","0","yes","yes","no","no","yes","yes","no","no","Good","High","Average","VeryLow","VeryLow","VeryGood",2,10
"MS","F",15,"R","GT3","T","Primary","Primary","at_home","other","home","father","15-30min","2-5hrs","0","no","yes","no","yes","yes","yes","yes","no","Good","Average","Average","VeryLow","VeryLow","Bad",1,11
"MS","F",16,"R","GT3","T","Primary","Primary","at_home","other","other","mother","15-30min","<2hrs","0","no","no","no","yes","yes","yes","yes","yes","Good","Low","Low","High","Average","Bad",0,14
"MS","F",15,"R","GT3","T","Primary","Primary","at_home","at_home","course","father","30min-1hr","2-5hrs","0","no","yes","no","no","yes","yes","no","no","Good","Low","VeryLow","VeryLow","Low","Bad",0,14
"MS","F",15,"R","LE3","T","5th-9th","5th-9th","other","other","other","father","<15min","5-10hrs","0","yes","yes","no","no","yes","yes","no","no","Good","High","Average","Low","Low","VeryGood",2,12
"MS","M",16,"R","GT3","T","Primary","Primary","at_home","other","other","father","15-30min","<2hrs","0","no","no","no","yes","yes","yes","no","no","Average","High","High","Average","High","VeryGood",6,11
"MS","F",18,"U","GT3","T","Primary","5th-9th","other","other","course","father","<15min","2-5hrs","1","no","yes","no","yes","yes","yes","yes","yes","Average","High","High","Low","Average","VeryGood",9,8
"MS","M",15,"U","GT3","T","Secondary","Primary","other","services","home","mother","15-30min","<2hrs","0","no","yes","no","no","yes","yes","no","no","Average","Low","Average","VeryLow","Average","Good",0,11
"MS","F",16,"R","GT3","T","5th-9th","5th-9th","other","services","course","father","30min-1hr","2-5hrs","0","no","yes","no","yes","yes","yes","yes","no","Excellent","Average","High","VeryLow","VeryLow","Bad",1,14
"MS","M",15,"U","GT3","T","5th-9th","5th-9th","health","other","reputation","mother","30min-1hr","<2hrs","0","no","no","no","no","yes","yes","no","no","Good","Average","Average","VeryLow","Low","Good",1,13
"MS","M",16,"U","GT3","T","Higher","Higher","other","teacher","course","father","<15min","2-5hrs","0","no","yes","no","yes","yes","yes","no","yes","Good","Average","VeryLow","VeryLow","VeryLow","Average",0,13
"MS","F",15,"R","GT3","T","Secondary","Secondary","services","other","reputation","mother","<15min","2-5hrs","0","no","yes","no","no","yes","yes","yes","yes","Good","VeryHigh","High","VeryLow","VeryLow","VeryBad",4,12
"MS","F",16,"R","GT3","T","5th-9th","5th-9th","at_home","other","course","mother","15-30min","2-5hrs","1","no","yes","no","yes","no","yes","no","no","Good","High","High","Low","Average","VeryGood",2,12
"MS","F",16,"R","LE3","T","5th-9th","5th-9th","other","other","home","father","30min-1hr","<2hrs","0","no","yes","no","yes","yes","yes","no","yes","Good","Average","Low","VeryLow","VeryLow","Good",0,16
"MS","M",16,"U","LE3","T","5th-9th","Primary","at_home","services","course","mother","15-30min","<2hrs","0","no","yes","no","yes","yes","yes","yes","no","Bad","High","Average","Low","Average","Good",4,10
"MS","M",15,"R","LE3","T","Primary","Secondary","at_home","other","reputation","father","30min-1hr","<2hrs","0","no","yes","no","yes","yes","yes","yes","no","Good","Low","High","Average","VeryHigh","Average",2,11
"MS","F",15,"U","GT3","T","5th-9th","5th-9th","other","services","course","mother","15-30min","5-10hrs","0","no","yes","no","yes","yes","yes","no","no","Excellent","Average","Low","VeryLow","VeryLow","Good",0,14
"MS","F",16,"R","LE3","T","5th-9th","Primary","other","other","home","mother","<15min","<2hrs","0","no","yes","no","no","yes","yes","yes","yes","Excellent","High","Average","VeryLow","VeryLow","VeryGood",2,8
"MS","M",15,"U","GT3","T","Secondary","Secondary","services","services","course","father","15-30min","<2hrs","0","no","yes","no","yes","no","yes","yes","no","Good","Average","Average","Low","High","Average",11,11
"MS","F",16,"R","GT3","T","Primary","Primary","at_home","other","course","father","15-30min","2-5hrs","3","yes","yes","no","no","yes","yes","no","no","Average","High","Average","VeryLow","VeryLow","VeryBad",0,8
"MS","F",17,"U","GT3","T","5th-9th","5th-9th","other","at_home","course","mother","<15min","<2hrs","0","no","yes","no","yes","yes","no","no","no","Good","VeryHigh","Average","VeryLow","VeryLow","VeryGood",4,10
"MS","F",19,"U","GT3","T","5th-9th","Secondary","at_home","services","course","other","<15min","<2hrs","1","no","no","no","no","yes","no","yes","yes","Good","High","High","VeryLow","VeryLow","Bad",0,10
"MS","F",17,"R","GT3","T","5th-9th","Primary","at_home","other","course","mother","30min-1hr","<2hrs","0","no","yes","no","yes","yes","no","no","yes","Excellent","VeryHigh","Average","VeryLow","VeryLow","Average",2,11
"MS","F",15,"R","LE3","T","Primary","Primary","at_home","other","course","mother","15-30min","<2hrs","0","no","yes","no","no","yes","no","no","yes","Excellent","Low","VeryLow","VeryLow","Average","Good",0,9
"MS","F",16,"R","GT3","T","5th-9th","5th-9th","other","other","course","father","30min-1hr","2-5hrs","0","no","yes","no","no","yes","no","yes","no","Average","High","VeryHigh","VeryLow","Low","VeryBad",1,11
"MS","F",16,"U","LE3","A","5th-9th","5th-9th","other","other","home","mother","<15min","<2hrs","0","no","yes","no","no","yes","no","no","no","Good","Average","High","VeryLow","Low","VeryBad",6,8
"MS","F",17,"R","GT3","T","5th-9th","5th-9th","at_home","other","course","mother","15-30min","2-5hrs","0","no","yes","no","no","yes","yes","yes","no","Good","Average","VeryHigh","VeryLow","Low","Good",0,11
"MS","F",16,"U","GT3","T","5th-9th","5th-9th","other","services","course","father","<15min","<2hrs","1","no","yes","yes","yes","no","yes","yes","no","Good","High","Average","VeryLow","High","Average",1,10
"MS","F",18,"R","LE3","A","Secondary","5th-9th","other","other","course","other","15-30min","5-10hrs","2","no","yes","no","no","no","no","no","yes","Average","Average","Low","VeryLow","VeryLow","Bad",6,10
"MS","F",19,"U","GT3","T","Primary","Primary","at_home","services","course","mother","<15min","5-10hrs","1","no","no","no","yes","yes","no","no","yes","Excellent","Average","VeryLow","VeryLow","VeryLow","Average",6,9
"MS","M",18,"R","GT3","T","Primary","Primary","other","other","home","mother","15-30min","<2hrs","1","no","no","no","yes","yes","no","yes","no","Good","High","Average","Average","High","Good",0,10
"MS","F",18,"R","GT3","T","Primary","Primary","at_home","at_home","course","mother","15-30min","<2hrs","1","no","no","no","no","no","no","yes","yes","Average","Low","Average","VeryLow","VeryLow","Bad",4,10
"MS","F",19,"U","GT3","T","Primary","Primary","other","other","course","other","15-30min","2-5hrs","1","no","yes","no","no","yes","yes","yes","yes","VeryBad","VeryLow","High","High","VeryLow","VeryBad",12,9
"MS","F",16,"R","GT3","A","5th-9th","5th-9th","health","other","course","mother","<15min","2-5hrs","0","no","no","no","no","no","yes","no","yes","Average","Average","Low","VeryLow","VeryLow","Average",2,10
"MS","F",17,"U","GT3","T","None","Primary","other","at_home","course","father","15-30min","<2hrs","0","no","no","no","yes","no","yes","no","no","Bad","High","High","Average","VeryHigh","VeryGood",5,10
"MS","F",16,"R","LE3","T","Primary","5th-9th","at_home","other","course","mother","<15min","2-5hrs","0","no","no","no","yes","yes","no","yes","no","Good","High","VeryHigh","VeryLow","Average","Average",0,9
"MS","F",16,"U","GT3","T","Secondary","Secondary","other","other","reputation","mother","<15min","<2hrs","0","no","no","no","yes","yes","no","yes","yes","Good","VeryHigh","High","VeryLow","VeryLow","Good",0,13
"MS","F",16,"R","LE3","T","Primary","Primary","services","services","home","mother","<15min","<2hrs","0","no","yes","no","yes","yes","yes","yes","yes","Good","High","High","Low","Low","Good",2,14
"MS","M",17,"U","GT3","T","Secondary","Secondary","services","at_home","course","mother","15-30min",">10hrs","1","no","yes","yes","yes","yes","yes","no","no","Excellent","High","VeryHigh","Average","High","VeryGood",0,10
"MS","F",16,"U","GT3","T","5th-9th","Primary","other","services","course","mother","<15min","2-5hrs","0","no","yes","no","yes","yes","yes","yes","no","Excellent","Average","Average","VeryLow","VeryLow","VeryBad",0,14
"MS","F",16,"U","GT3","T","5th-9th","5th-9th","services","other","course","mother","<15min","<2hrs","0","no","yes","yes","yes","yes","yes","no","yes","Good","Low","VeryHigh","VeryLow","Low","VeryGood",0,16
"MS","M",17,"U","GT3","T","Primary","5th-9th","other","other","course","father","<15min","<2hrs","1","no","yes","no","yes","yes","no","yes","yes","Excellent","Average","VeryHigh","VeryHigh","VeryHigh","VeryBad",12,7
"MS","M",16,"U","LE3","T","Higher","Secondary","other","other","course","father","<15min","<2hrs","0","no","no","no","yes","yes","yes","yes","no","Good","Low","VeryHigh","VeryLow","VeryHigh","VeryGood",8,13
"MS","M",17,"R","LE3","T","5th-9th","5th-9th","services","services","other","mother","30min-1hr",">10hrs","1","no","yes","no","no","yes","yes","no","no","VeryBad","Average","VeryHigh","Average","VeryHigh","Average",2,9
"MS","F",16,"U","GT3","T","Primary","Primary","other","other","course","other","<15min",">10hrs","0","yes","yes","no","yes","yes","yes","yes","no","Bad","Low","VeryLow","VeryLow","VeryLow","VeryGood",0,14
"MS","F",19,"U","LE3","T","5th-9th","5th-9th","other","other","home","mother","<15min","5-10hrs","0","no","no","no","no","yes","yes","yes","yes","Excellent","High","VeryHigh","VeryLow","VeryLow","VeryBad",0,13
"MS","F",17,"R","GT3","T","Primary","Primary","at_home","other","reputation","mother","15-30min","<2hrs","0","no","yes","no","yes","no","yes","yes","yes","Good","High","VeryHigh","VeryLow","Low","VeryGood",0,11
"MS","F",20,"U","GT3","T","Secondary","Secondary","at_home","services","other","mother","15-30min","2-5hrs","1","no","no","no","yes","yes","yes","yes","yes","Average","Average","High","Low","High","Average",8,10
"MS","F",17,"U","LE3","T","Primary","Primary","other","services","course","father","<15min","5-10hrs","0","no","yes","no","no","yes","yes","no","yes","Good","Average","Average","VeryLow","VeryLow","Average",0,10
"MS","M",17,"R","GT3","T","5th-9th","5th-9th","other","other","course","mother","30min-1hr","<2hrs","1","no","yes","no","no","no","yes","yes","no","Good","High","VeryHigh","VeryLow","Low","VeryGood",0,9
"MS","F",16,"R","LE3","T","Primary","Primary","at_home","other","course","father","30min-1hr","2-5hrs","0","no","yes","no","no","yes","yes","no","no","Excellent","Average","Low","VeryLow","VeryLow","VeryBad",0,18
"MS","F",17,"R","GT3","T","5th-9th","5th-9th","other","other","reputation","mother","15-30min","2-5hrs","0","no","yes","no","yes","yes","yes","no","no","Excellent","Average","Low","VeryLow","VeryLow","VeryBad",0,17
"MS","F",17,"U","GT3","A","Primary","None","other","other","other","mother","15-30min","2-5hrs","0","no","no","no","no","yes","yes","yes","yes","Good","High","VeryHigh","VeryLow","VeryLow","Good",1,10
"MS","F",18,"R","GT3","T","Primary","Primary","at_home","other","other","mother","<15min","2-5hrs","1","no","yes","no","no","yes","yes","yes","yes","Good","Average","Low","VeryLow","VeryLow","VeryGood",9,7
"MS","F",16,"U","GT3","T","Secondary","Primary","other","other","course","mother","<15min","<2hrs","0","no","no","no","yes","yes","yes","yes","no","Average","VeryLow","Average","VeryLow","Average","VeryBad",0,8
"MS","F",16,"U","GT3","T","Secondary","5th-9th","services","at_home","course","mother","<15min","<2hrs","0","no","no","no","no","yes","yes","yes","no","Average","VeryLow","Average","VeryLow","High","Average",2,7
"MS","F",18,"U","LE3","T","Primary","Primary","other","at_home","reputation","mother","15-30min","2-5hrs","0","yes","no","no","no","yes","yes","no","no","Bad","Average","VeryHigh","VeryLow","High","Average",8,10
"MS","F",16,"R","GT3","T","Higher","Higher","health","teacher","reputation","father","<15min","2-5hrs","0","no","no","no","yes","no","yes","yes","yes","Good","Average","Average","Low","Average","Bad",0,16
"MS","F",16,"R","LE3","T","Primary","5th-9th","other","other","reputation","mother","15-30min","<2hrs","0","no","no","no","yes","yes","yes","yes","no","Excellent","High","VeryHigh","VeryLow","High","Bad",0,15
"MS","F",18,"U","GT3","A","5th-9th","Higher","other","services","reputation","father","<15min","2-5hrs","1","no","yes","no","no","yes","yes","yes","no","Bad","Average","Low","VeryLow","Average","VeryBad",8,8
"MS","M",16,"R","GT3","T","5th-9th","Primary","other","services","reputation","mother","15-30min","2-5hrs","0","no","no","no","yes","yes","yes","yes","no","Excellent","Low","VeryLow","VeryLow","VeryLow","Bad",0,0
"MS","F",16,"U","LE3","T","Primary","Primary","at_home","other","other","mother","30min-1hr","2-5hrs","0","no","yes","no","no","yes","yes","yes","no","Good","Average","Low","VeryLow","Average","VeryGood",6,8
"MS","F",16,"R","GT3","T","5th-9th","Secondary","at_home","services","other","mother","15-30min","2-5hrs","0","no","yes","no","yes","yes","yes","yes","no","Average","Average","Average","VeryLow","VeryLow","Bad",0,10
"MS","F",16,"U","GT3","T","Higher","Higher","health","health","course","mother","<15min","2-5hrs","0","no","yes","no","no","yes","yes","yes","yes","Good","Average","High","VeryLow","Low","Average",4,8
"MS","M",18,"U","LE3","T","Higher","Higher","at_home","health","home","mother","<15min",">10hrs","0","no","yes","no","yes","yes","no","yes","yes","Excellent","VeryHigh","VeryHigh","VeryHigh","VeryHigh","VeryGood",2,6
"MS","F",16,"R","LE3","T","Secondary","Higher","at_home","other","other","mother","30min-1hr","2-5hrs","0","no","yes","no","no","no","yes","no","no","Good","Low","VeryLow","VeryLow","VeryLow","Bad",2,8
"MS","M",17,"U","LE3","T","Higher","Higher","other","services","home","mother","<15min","5-10hrs","0","no","yes","no","no","yes","yes","yes","no","Good","High","Average","VeryLow","Low","VeryGood",0,16
"MS","F",17,"R","GT3","T","Higher","Primary","other","other","other","mother","<15min","<2hrs","0","no","no","no","no","yes","yes","yes","yes","Good","Low","Average","VeryLow","Low","VeryGood",1,14
"MS","M",16,"U","LE3","T","5th-9th","5th-9th","services","services","other","mother",">1hr","5-10hrs","0","no","no","no","no","yes","yes","no","no","Excellent","VeryLow","Average","Low","Low","Average",0,10
"MS","F",17,"R","GT3","T","5th-9th","5th-9th","at_home","other","other","mother","<15min","<2hrs","0","no","yes","yes","no","yes","yes","yes","no","Excellent","VeryLow","Average","VeryLow","Low","VeryGood",5,9
"MS","F",16,"U","LE3","T","Higher","Higher","services","services","other","father","15-30min","<2hrs","0","no","yes","no","no","yes","yes","no","no","Excellent","VeryLow","Average","VeryLow","Low","VeryGood",1,11
"MS","M",17,"U","GT3","T","Secondary","Secondary","services","services","home","mother","<15min","<2hrs","0","no","yes","no","yes","yes","yes","yes","no","Good","VeryLow","High","VeryHigh","VeryHigh","Average",8,9
"MS","M",17,"U","GT3","T","Primary","Primary","at_home","services","other","mother","30min-1hr","2-5hrs","0","no","no","no","no","yes","yes","yes","yes","Excellent","VeryLow","Average","Average","Average","VeryBad",0,10
"MS","M",16,"U","GT3","T","5th-9th","Primary","health","services","other","mother","15-30min","2-5hrs","0","no","no","no","no","no","yes","yes","yes","Good","Low","Low","VeryLow","High","VeryGood",2,8
"MS","F",16,"U","LE3","T","5th-9th","Primary","other","services","other","mother","<15min","2-5hrs","0","no","no","no","no","yes","yes","yes","yes","Average","Low","Low","VeryLow","VeryLow","Average",0,16
"MS","M",16,"U","LE3","T","Higher","Higher","teacher","health","other","father","<15min","<2hrs","0","no","yes","no","no","yes","yes","yes","no","Good","VeryLow","Low","Low","VeryHigh","VeryGood",0,12
"MS","M",15,"R","GT3","T","Primary","5th-9th","other","services","course","mother","30min-1hr","2-5hrs","0","no","yes","no","yes","yes","yes","no","no","Excellent","VeryHigh","VeryHigh","VeryLow","Average","VeryGood",11,10
"MS","M",15,"U","LE3","A","5th-9th","5th-9th","other","other","reputation","mother","30min-1hr",">10hrs","0","no","yes","no","yes","yes","yes","no","no","Excellent","High","VeryHigh","Low","Average","VeryGood",8,14
"MS","M",15,"U","LE3","A","5th-9th","Primary","services","services","course","mother","<15min","<2hrs","0","no","no","no","yes","yes","yes","yes","no","Good","Average","Average","VeryLow","Low","VeryGood",11,12
"MS","F",16,"R","LE3","T","5th-9th","5th-9th","other","other","course","mother","<15min","5-10hrs","0","no","yes","no","no","no","yes","no","yes","Good","Average","Average","Low","Low","VeryGood",2,11
"MS","F",16,"U","LE3","T","Higher","Primary","other","other","home","mother","15-30min","2-5hrs","0","no","yes","no","yes","yes","yes","yes","no","VeryBad","Low","High","Low","Low","VeryBad",8,10
"MS","F",17,"U","GT3","T","Secondary","5th-9th","at_home","other","home","mother","15-30min","<2hrs","0","no","no","no","no","yes","yes","no","yes","Good","Average","Average","Low","Low","VeryBad",5,11
"MS","F",17,"R","GT3","T","5th-9th","5th-9th","other","other","other","mother","15-30min","2-5hrs","0","yes","no","yes","no","yes","yes","no","no","Excellent","VeryLow","Average","VeryLow","VeryLow","VeryGood",0,11
"MS","F",16,"U","GT3","T","Higher","Higher","teacher","services","course","mother","15-30min","5-10hrs","0","no","yes","no","no","yes","yes","yes","yes","Excellent","Average","VeryHigh","VeryLow","High","VeryGood",1,12
"MS","M",17,"R","GT3","T","Higher","Higher","health","other","course","father","30min-1hr","<2hrs","3","no","no","no","yes","yes","yes","yes","yes","Average","Average","Average","VeryLow","Average","VeryGood",2,8
"MS","M",17,"R","LE3","T","Primary","Secondary","other","other","course","father","15-30min","<2hrs","0","no","no","no","yes","yes","yes","no","yes","Excellent","VeryLow","Low","Average","Average","VeryGood",2,12
"MS","M",17,"U","GT3","T","Secondary","Higher","services","other","other","mother","<15min","2-5hrs","1","no","yes","no","yes","no","yes","yes","yes","Excellent","High","High","Average","High","VeryGood",8,8
"MS","F",17,"U","GT3","T","Higher","Higher","health","health","course","father","<15min","2-5hrs","0","no","yes","no","no","yes","yes","yes","no","Excellent","Low","VeryHigh","VeryLow","VeryLow","VeryGood",0,16
"MS","M",16,"R","LE3","T","Higher","Primary","other","at_home","other","father","<15min","<2hrs","0","no","no","no","no","yes","yes","yes","no","Good","VeryLow","Low","Low","VeryLow","Bad",0,11
"MS","F",17,"U","GT3","A","Primary","Primary","at_home","at_home","other","mother","<15min","2-5hrs","0","no","no","no","yes","yes","yes","yes","yes","Good","VeryHigh","VeryHigh","VeryLow","Low","Average",2,11
"MS","F",17,"R","GT3","T","Higher","5th-9th","other","other","course","mother","15-30min","2-5hrs","0","yes","yes","no","no","no","yes","yes","no","Good","Average","Average","Low","Average","VeryGood",0,18
"MS","M",16,"U","LE3","A","5th-9th","5th-9th","other","services","course","father","15-30min","2-5hrs","0","no","yes","no","no","no","yes","yes","yes","Good","VeryLow","Low","Low","Low","VeryGood",0,13
"MS","M",17,"U","GT3","T","Secondary","5th-9th","other","other","other","father","15-30min","2-5hrs","0","no","yes","yes","no","yes","yes","yes","no","Good","VeryLow","Low","Low","Low","VeryBad",0,13
"MS","M",19,"U","GT3","T","Primary","Primary","other","other","other","mother","<15min","2-5hrs","2","no","yes","no","yes","yes","no","yes","no","Good","High","Average","Average","High","Good",2,10
"MS","M",17,"U","LE3","A","Primary","None","other","other","home","mother","<15min","<2hrs","0","no","no","no","no","yes","yes","no","yes","Good","VeryLow","Low","VeryLow","VeryLow","VeryGood",4,12
"MS","F",17,"R","GT3","T","Primary","Primary","at_home","at_home","course","father","15-30min","<2hrs","0","no","yes","no","yes","yes","no","yes","yes","Average","VeryHigh","VeryHigh","Low","Low","Good",3,10
"MS","F",16,"R","GT3","T","Primary","5th-9th","other","other","home","father","<15min","5-10hrs","0","yes","yes","no","no","no","yes","yes","yes","Good","Average","High","VeryLow","VeryLow","Average",5,13
"MS","M",16,"R","LE3","T","Primary","5th-9th","other","at_home","course","mother","<15min","<2hrs","0","no","no","no","no","yes","yes","no","no","Good","High","High","Low","High","VeryGood",4,11
"MS","F",17,"R","GT3","T","Secondary","Primary","other","other","course","mother","15-30min","2-5hrs","3","no","yes","no","yes","no","yes","yes","yes","Excellent","High","High","VeryLow","VeryLow","VeryGood",2,10
"MS","M",17,"R","GT3","T","5th-9th","5th-9th","other","other","course","mother","15-30min","<2hrs","0","no","no","no","yes","yes","no","no","yes","Excellent","VeryHigh","VeryHigh","Average","VeryHigh","VeryGood",0,10
"MS","M",18,"R","GT3","T","Primary","None","at_home","at_home","course","other","30min-1hr","<2hrs","1","yes","yes","no","no","yes","yes","no","no","Good","Average","Low","VeryLow","VeryLow","Good",0,13
"MS","M",17,"R","GT3","T","Primary","Primary","other","services","course","mother","15-30min","<2hrs","0","no","yes","no","yes","no","yes","yes","yes","Good","VeryHigh","VeryHigh","VeryLow","Average","Bad",0,10
"MS","M",18,"U","LE3","T","Primary","Primary","at_home","at_home","course","mother","15-30min","2-5hrs","0","no","yes","no","yes","yes","yes","no","no","Good","Average","Average","VeryLow","High","VeryGood",6,10
"MS","F",16,"R","LE3","T","5th-9th","5th-9th","other","services","course","father","<15min","2-5hrs","0","no","no","no","yes","yes","yes","no","yes","Excellent","High","Average","VeryLow","VeryLow","VeryBad",0,12
"MS","M",17,"U","GT3","T","5th-9th","5th-9th","other","other","course","mother","<15min","<2hrs","1","no","no","no","yes","yes","yes","no","yes","VeryBad","Low","VeryLow","Low","Average","VeryGood",0,0
"MS","M",16,"R","GT3","T","Secondary","5th-9th","services","other","course","father","15-30min","<2hrs","0","no","no","no","no","yes","yes","yes","no","Good","VeryHigh","VeryHigh","Low","Average","VeryGood",2,10
"MS","M",16,"R","LE3","T","Primary","Primary","at_home","other","course","mother","15-30min","<2hrs","0","no","no","no","yes","yes","yes","yes","no","Good","VeryHigh","VeryHigh","Low","High","VeryGood",0,9
"MS","M",18,"R","GT3","T","Primary","Primary","services","other","course","other","15-30min","<2hrs","1","no","yes","no","no","yes","no","yes","yes","Excellent","Average","Average","Low","Average","VeryGood",2,9
"MS","M",18,"R","GT3","T","Secondary","5th-9th","services","other","course","mother","<15min","<2hrs","1","no","no","no","no","yes","no","yes","no","Bad","Average","VeryLow","Low","Low","VeryGood",0,0
"MS","M",19,"U","GT3","T","Secondary","5th-9th","at_home","services","course","mother","15-30min","<2hrs","3","no","no","no","yes","yes","yes","no","no","Average","Low","VeryLow","VeryLow","VeryLow","Average",4,9
"MS","M",18,"U","GT3","T","Secondary","Secondary","at_home","at_home","course","mother","<15min","2-5hrs","2","no","yes","no","yes","yes","no","yes","no","Good","High","VeryHigh","VeryLow","Average","Average",9,8
"MS","M",16,"R","GT3","T","5th-9th","5th-9th","services","services","course","mother","15-30min","<2hrs","0","no","yes","no","yes","yes","yes","yes","yes","Excellent","High","Average","Low","High","Good",6,8
"MS","M",19,"U","GT3","T","5th-9th","Primary","at_home","other","course","other","15-30min","<2hrs","3","no","no","no","yes","no","no","yes","yes","Good","High","Average","VeryLow","Average","VeryGood",4,9
"MS","F",16,"U","GT3","A","Secondary","5th-9th","services","at_home","course","mother","15-30min","2-5hrs","2","no","yes","no","yes","yes","yes","no","yes","Bad","VeryHigh","VeryHigh","VeryLow","VeryLow","VeryBad",8,7
"MS","F",17,"U","GT3","T","Primary","Primary","other","at_home","course","mother","<15min","<2hrs","0","no","yes","no","yes","yes","yes","no","no","Good","Average","Low","VeryLow","Low","VeryGood",9,10
"MS","M",20,"R","GT3","T","Primary","Primary","other","other","course","other","15-30min","<2hrs","1","no","yes","no","no","yes","no","yes","yes","Good","High","Average","Low","High","Good",12,10
"MS","F",18,"R","GT3","A","Higher","Secondary","services","services","course","mother","<15min","<2hrs","0","no","yes","no","no","yes","yes","yes","no","Excellent","High","High","Average","High","Bad",8,10
"MS","M",18,"R","GT3","T","Secondary","5th-9th","other","other","course","mother","15-30min","<2hrs","0","no","yes","no","no","no","yes","yes","no","Bad","VeryHigh","VeryHigh","VeryHigh","VeryHigh","VeryGood",8,11
"MS","M",19,"R","GT3","T","Primary","Primary","other","services","home","other","30min-1hr","2-5hrs","1","no","no","no","no","yes","yes","yes","no","Excellent","High","High","Average","Average","Bad",8,11
"MS","M",17,"U","GT3","T","Secondary","Secondary","health","other","course","mother","15-30min","2-5hrs","1","no","yes","no","no","yes","yes","yes","no","Good","VeryHigh","High","Low","Average","Average",4,10
"MS","M",18,"U","LE3","T","Primary","Secondary","at_home","services","course","mother","<15min","<2hrs","0","no","no","no","no","yes","no","yes","yes","Good","Average","Average","Low","Average","Average",0,9
"MS","M",19,"R","GT3","T","Primary","Primary","other","other","home","other","30min-1hr","<2hrs","1","no","yes","no","no","yes","yes","yes","no","Good","High","High","Average","Average","VeryGood",4,10
"MS","F",18,"U","GT3","A","Primary","5th-9th","at_home","other","course","mother","15-30min","2-5hrs","2","no","yes","no","no","yes","yes","no","no","Good","Average","Average","VeryLow","VeryLow","VeryGood",2,8
"MS","F",19,"U","LE3","A","Primary","Primary","at_home","other","course","mother","<15min","<2hrs","0","no","yes","no","no","yes","no","no","no","VeryBad","High","High","VeryLow","VeryLow","VeryGood",0,7
"MS","F",18,"R","GT3","T","5th-9th","5th-9th","other","other","other","mother","15-30min","<2hrs","1","no","no","no","no","yes","no","yes","yes","Excellent","VeryHigh","VeryHigh","VeryLow","VeryLow","Average",0,0
"MS","F",17,"R","GT3","T","None","None","at_home","other","course","mother","15-30min","<2hrs","0","no","yes","no","no","yes","yes","yes","no","Good","High","Average","VeryLow","VeryLow","VeryGood",0,11
"MS","F",17,"R","LE3","A","Secondary","Primary","other","at_home","course","other","15-30min","5-10hrs","0","no","yes","yes","no","yes","no","no","no","Good","Low","Average","Low","Low","Average",5,8
"MS","F",17,"U","GT3","T","Higher","5th-9th","teacher","services","home","mother","<15min","2-5hrs","0","yes","yes","no","yes","yes","yes","yes","no","Excellent","VeryHigh","VeryHigh","VeryLow","Average","VeryGood",0,0
"MS","F",18,"R","LE3","T","5th-9th","5th-9th","services","services","course","mother","<15min","2-5hrs","1","no","yes","no","yes","yes","yes","yes","no","Bad","Average","Average","VeryLow","Low","Good",3,8
"MS","F",17,"U","GT3","T","Higher","Primary","health","at_home","course","mother","<15min","<2hrs","0","no","yes","no","no","yes","yes","no","yes","Average","Low","Low","VeryLow","VeryLow","VeryGood",0,9
"MS","F",17,"U","LE3","T","Primary","5th-9th","at_home","other","course","father","<15min","<2hrs","0","no","no","no","no","yes","yes","yes","no","Excellent","VeryHigh","VeryLow","VeryLow","VeryLow","Average",0,10
"MS","F",18,"U","GT3","T","Primary","Primary","other","other","course","mother","30min-1hr","2-5hrs","2","no","no","no","yes","yes","yes","no","yes","Average","High","High","Low","Low","VeryGood",3,7
"MS","F",18,"U","GT3","T","5th-9th","5th-9th","services","at_home","reputation","father","15-30min","2-5hrs","0","no","no","no","yes","no","yes","yes","no","Good","Average","VeryHigh","VeryLow","VeryLow","VeryBad",2,14
"MS","F",17,"U","GT3","T","Secondary","Secondary","services","services","course","mother","15-30min","<2hrs","0","no","yes","no","no","yes","yes","yes","no","Good","High","Average","VeryLow","VeryLow","Good",0,13
"MS","F",18,"U","LE3","A","Primary","5th-9th","at_home","other","reputation","mother","15-30min","2-5hrs","0","no","no","no","no","yes","yes","yes","no","Good","High","Average","VeryLow","Low","Good",0,14
"MS","F",18,"U","GT3","T","Higher","Higher","teacher","teacher","reputation","mother","15-30min","2-5hrs","0","no","no","no","yes","no","yes","yes","no","Good","Average","VeryHigh","VeryLow","Low","VeryBad",0,18
"MS","M",18,"U","LE3","T","Higher","Higher","services","other","reputation","mother","<15min","<2hrs","0","no","yes","no","yes","yes","yes","yes","no","Excellent","High","VeryHigh","VeryLow","VeryLow","VeryGood",3,17
"MS","F",17,"U","GT3","T","Higher","5th-9th","other","other","course","mother","15-30min","2-5hrs","0","no","yes","no","no","yes","yes","yes","no","Good","Average","Average","VeryLow","Low","Good",0,18
"MS","F",18,"R","GT3","T","5th-9th","5th-9th","at_home","other","course","mother","30min-1hr","2-5hrs","1","no","no","no","yes","yes","yes","no","yes","Good","Average","Average","VeryLow","VeryLow","Good",0,0
"MS","M",18,"U","LE3","T","Primary","5th-9th","at_home","services","home","mother","15-30min","<2hrs","0","no","yes","no","no","no","yes","no","no","Good","VeryLow","High","VeryHigh","VeryHigh","VeryBad",8,11
"MS","M",18,"R","GT3","T","Higher","Higher","at_home","services","other","mother","30min-1hr","<2hrs","0","no","yes","yes","yes","yes","yes","yes","yes","Bad","VeryHigh","VeryHigh","VeryLow","VeryLow","VeryBad",5,14
"MS","M",17,"R","GT3","T","Primary","Primary","other","services","other","father","30min-1hr","<2hrs","0","no","no","no","no","no","no","no","no","Good","Low","Average","Average","High","Good",4,14
"MS","F",18,"U","GT3","T","5th-9th","5th-9th","other","other","course","mother","15-30min","2-5hrs","0","no","yes","no","no","no","yes","yes","yes","VeryBad","Average","VeryLow","VeryLow","VeryLow","Bad",4,10
"MS","F",18,"U","LE3","T","5th-9th","5th-9th","services","services","course","father","15-30min","5-10hrs","0","no","no","no","no","yes","yes","yes","yes","Excellent","High","VeryHigh","VeryLow","High","Average",0,13
"MS","F",18,"R","LE3","A","Higher","5th-9th","teacher","other","reputation","mother","<15min","2-5hrs","0","no","no","no","yes","yes","yes","yes","yes","Excellent","Average","VeryLow","VeryLow","VeryLow","VeryGood",0,0
"MS","F",18,"U","GT3","T","Primary","Primary","at_home","services","course","mother","30min-1hr","2-5hrs","1","no","no","no","no","yes","no","no","no","Good","High","Low","VeryLow","Low","Bad",2,10
"MS","F",19,"U","GT3","T","Primary","Primary","at_home","services","other","father","15-30min","<2hrs","1","no","no","no","no","yes","no","no","no","Excellent","VeryHigh","VeryHigh","Low","Average","Bad",0,0
"MS","F",17,"U","GT3","T","Higher","5th-9th","teacher","other","course","father","15-30min",">10hrs","0","no","no","no","no","yes","yes","yes","yes","Good","Low","Average","Average","VeryLow","VeryGood",0,18
"MS","F",17,"R","LE3","A","5th-9th","Primary","services","other","reputation","mother","15-30min","2-5hrs","0","no","no","no","yes","yes","yes","yes","yes","Excellent","Average","Average","VeryLow","Low","Bad",5,12
"MS","F",18,"U","LE3","A","Primary","Primary","at_home","services","course","mother","<15min","2-5hrs","0","no","no","no","no","yes","yes","no","yes","Excellent","Low","Average","VeryLow","Low","Average",2,11
"MS","F",18,"U","GT3","T","Primary","5th-9th","at_home","at_home","course","father","15-30min","2-5hrs","0","no","yes","no","no","yes","no","no","no","Good","VeryLow","VeryLow","VeryLow","VeryLow","Good",0,12
"MS","F",19,"R","GT3","A","Primary","Primary","at_home","at_home","course","other","15-30min","2-5hrs","3","no","yes","no","yes","yes","no","no","yes","Average","VeryHigh","High","VeryLow","High","VeryBad",0,0
"MS","F",18,"R","GT3","T","5th-9th","5th-9th","services","other","home","mother","15-30min","5-10hrs","0","no","no","no","no","yes","yes","yes","yes","Good","Low","VeryLow","VeryLow","VeryLow","Good",5,15
"MS","M",17,"R","GT3","T","Higher","Secondary","services","other","home","mother","15-30min","2-5hrs","1","no","yes","yes","yes","no","yes","yes","yes","Good","VeryHigh","VeryHigh","VeryLow","Average","Bad",4,11
"MS","F",18,"U","GT3","T","Secondary","Secondary","services","services","course","father","<15min","2-5hrs","0","no","yes","no","no","yes","yes","no","yes","Excellent","Average","High","VeryLow","VeryLow","VeryGood",0,10
"MS","F",17,"R","GT3","T","Higher","Higher","teacher","services","other","father","15-30min","2-5hrs","0","no","yes","yes","yes","yes","yes","yes","no","Good","Average","Average","VeryLow","Low","VeryGood",2,12
"MS","F",17,"U","LE3","A","Secondary","5th-9th","services","other","reputation","mother","15-30min","2-5hrs","0","no","no","no","no","yes","yes","no","yes","VeryBad","Low","Average","VeryLow","Low","VeryGood",0,15
"MS","M",18,"U","LE3","T","Primary","Primary","other","services","home","father","15-30min","<2hrs","0","no","no","no","no","no","yes","yes","yes","Average","Average","Low","VeryLow","Low","Average",2,14
"MS","F",18,"U","LE3","T","Primary","Primary","at_home","services","course","father","15-30min","5-10hrs","0","no","no","no","no","yes","yes","yes","no","Excellent","Average","Low","VeryLow","VeryLow","Good",0,18
"MS","F",18,"R","LE3","A","Primary","5th-9th","at_home","other","course","mother","30min-1hr","2-5hrs","0","no","no","no","no","yes","yes","no","yes","Good","Average","High","VeryLow","High","VeryGood",0,15
"MS","F",18,"U","GT3","T","Secondary","Secondary","services","services","other","mother","15-30min","2-5hrs","0","no","yes","no","no","yes","yes","yes","yes","Good","Average","Low","VeryLow","Average","Average",6,13
"MS","F",17,"U","LE3","T","Higher","Higher","at_home","at_home","course","mother","<15min","2-5hrs","0","no","yes","no","yes","yes","yes","yes","yes","Bad","Average","High","VeryLow","VeryLow","VeryBad",4,15
"MS","F",17,"R","GT3","T","Primary","5th-9th","other","services","course","father","15-30min","2-5hrs","0","no","no","no","no","no","yes","no","no","Average","Low","Low","VeryLow","Low","Average",0,13
"MS","M",18,"R","GT3","T","Primary","Secondary","at_home","other","course","mother","15-30min","2-5hrs","0","no","yes","yes","no","yes","yes","no","no","Average","Average","High","Low","High","Average",0,9
"MS","M",18,"U","LE3","T","Higher","Higher","teacher","services","other","mother","15-30min","5-10hrs","0","no","no","no","no","yes","yes","yes","yes","Good","Low","Low","Low","Low","VeryGood",0,16
"MS","F",17,"R","GT3","T","Primary","Primary","other","services","reputation","mother","30min-1hr","<2hrs","1","no","yes","no","no","yes","yes","yes","yes","Excellent","Low","VeryLow","VeryLow","Low","VeryBad",0,9
"MS","F",18,"U","GT3","T","5th-9th","Secondary","at_home","services","course","father","15-30min","<2hrs","0","no","yes","no","no","yes","yes","yes","yes","Excellent","Low","Average","VeryLow","Low","Good",0,10
"MS","F",18,"R","GT3","T","Higher","Higher","other","teacher","other","father","30min-1hr","2-5hrs","0","no","yes","no","no","no","yes","yes","yes","Average","Low","Low","High","Low","VeryGood",0,0
"MS","M",18,"R","LE3","T","Primary","5th-9th","at_home","services","other","father","30min-1hr","<2hrs","0","no","yes","no","yes","yes","no","yes","yes","Good","Average","Average","Low","Average","Average",3,10
"MS","F",17,"U","GT3","T","5th-9th","5th-9th","other","at_home","home","mother","<15min","5-10hrs","0","no","no","no","yes","yes","yes","no","yes","Average","High","Average","VeryLow","VeryLow","Average",8,12
"MS","F",17,"R","GT3","T","Primary","5th-9th","other","other","course","mother","<15min","<2hrs","0","no","no","no","yes","yes","yes","yes","no","Average","VeryHigh","VeryHigh","VeryLow","Average","VeryBad",4,9
"MS","F",18,"R","LE3","T","Higher","Higher","other","other","reputation","mother","15-30min","5-10hrs","0","no","no","no","no","yes","yes","yes","no","Excellent","High","High","VeryLow","VeryLow","VeryBad",0,17
"MS","F",18,"R","GT3","T","Primary","Primary","other","other","home","mother",">1hr","5-10hrs","0","no","no","no","no","yes","yes","yes","no","Good","Average","Low","VeryLow","Low","Good",4,12
"MS","F",19,"R","GT3","T","Primary","Primary","at_home","other","course","other","15-30min","2-5hrs","1","no","yes","no","no","yes","yes","yes","yes","Good","Average","Average","VeryLow","VeryLow","Average",4,9
"MS","F",18,"R","LE3","T","Higher","Higher","teacher","services","course","mother","<15min","2-5hrs","0","no","no","no","yes","yes","yes","yes","no","Excellent","High","Average","Average","High","Bad",1,14
"MS","F",18,"U","GT3","T","Secondary","Secondary","other","other","home","mother","<15min","2-5hrs","0","no","no","no","no","yes","yes","yes","yes","Good","VeryLow","Average","VeryLow","Low","VeryBad",1,16
"MS","F",17,"R","GT3","T","Secondary","Primary","at_home","other","reputation","mother","<15min","2-5hrs","0","no","yes","no","yes","no","yes","yes","no","Good","VeryHigh","High","Low","Average","VeryBad",10,9
"MS","M",18,"U","GT3","T","Higher","Higher","teacher","teacher","home","father","<15min","2-5hrs","0","no","no","no","yes","no","yes","yes","no","Average","Low","High","VeryLow","High","Bad",4,19
"MS","M",18,"R","GT3","T","5th-9th","Primary","other","other","other","mother","15-30min","<2hrs","0","no","no","no","yes","no","yes","yes","yes","Good","High","Average","VeryLow","Average","VeryGood",0,0
"MS","M",17,"U","GT3","T","5th-9th","Secondary","other","services","home","father","15-30min","2-5hrs","0","no","no","no","yes","yes","yes","yes","no","Good","High","Average","VeryLow","VeryLow","Average",4,16
"MS","M",19,"R","GT3","T","Primary","Primary","other","services","other","mother","15-30min","<2hrs","1","no","no","no","no","yes","yes","no","no","Good","Average","Low","VeryLow","Average","VeryGood",0,0
"MS","M",18,"R","GT3","T","Higher","5th-9th","other","other","home","father","15-30min","<2hrs","1","no","no","yes","no","yes","yes","no","no","Excellent","High","Average","High","Average","Average",0,0
"MS","F",18,"R","GT3","T","5th-9th","5th-9th","at_home","other","other","mother","15-30min","5-10hrs","0","no","no","no","no","yes","yes","no","no","Excellent","Average","Average","VeryLow","Average","Good",0,15
"MS","F",17,"U","GT3","T","Higher","Secondary","teacher","other","other","mother","15-30min","2-5hrs","0","no","no","no","no","yes","yes","yes","no","Excellent","VeryHigh","High","VeryLow","VeryLow","VeryBad",0,11
"MS","F",18,"R","GT3","T","Higher","Higher","teacher","at_home","reputation","mother","30min-1hr","<2hrs","0","no","yes","no","yes","yes","yes","yes","yes","Good","High","Average","Low","Low","VeryGood",4,10
"MS","F",19,"R","GT3","T","5th-9th","Secondary","services","other","course","mother","<15min","5-10hrs","1","no","no","no","yes","no","yes","yes","no","Excellent","High","Low","VeryLow","Low","VeryGood",4,10
"MS","F",18,"U","LE3","T","Secondary","Primary","teacher","services","course","mother","<15min","2-5hrs","0","no","yes","no","no","yes","yes","yes","no","Good","Average","High","VeryLow","VeryLow","VeryBad",4,16
"MS","F",18,"U","GT3","T","Primary","Primary","other","other","course","mother","15-30min","2-5hrs","0","no","no","no","yes","yes","yes","no","no","VeryBad","VeryLow","VeryLow","VeryLow","VeryLow","VeryGood",6,9
"MS","M",17,"U","LE3","T","Secondary","Primary","services","services","course","mother","15-30min","<2hrs","0","no","no","no","no","no","yes","yes","no","Bad","High","VeryHigh","Average","High","Bad",6,10
"MS","M",18,"R","LE3","T","Secondary","5th-9th","services","other","course","mother","30min-1hr","<2hrs","0","no","no","no","no","no","yes","yes","no","Good","High","VeryLow","Average","High","VeryGood",4,11


